ANWID,VORG1,VORG2,SHKZG,BUKRS,BLDAT,BUDAT,BSCHL,BKTXT,KONTO,WAERS,WRBTR,DMBTR,DMBE2,ZFBDT,XBLNR,SGTXT,ZLSCH,ZTERM
NEWGL,UK,K,S,4170,15.05.2026,15.05.2026,01,Invoice migration,D 100028,EUR,"4028,00","4028,00","4028,00",14.06.2026,27492309,355137 Freudenberger Fiebig GmbH,M,30 days net
NEWGL,UK,K,S,4170,16.05.2026,16.05.2026,01,Invoice migration,D 100042,EUR,"3347,47","3347,47","3347,47",15.06.2026,25132951,398400 auch Schlauchin AG,U,30 days net
NEWGL,UK,K,S,4170,04.05.2026,04.05.2026,01,Invoice migration,D 100007,EUR,"540,86","540,86","540,86",03.06.2026,25497213,128648 Hertrampf Siering GmbH & Co. KG,U,30 days net
NEWGL,UK,K,S,4170,30.04.2026,30.04.2026,01,Invoice migration,D 100042,EUR,"11230,03","11230,03","11230,03",30.05.2026,25967513,896095 auch Schlauchin AG,M,30 days net
NEWGL,UK,K,S,4170,19.04.2026,19.04.2026,01,Invoice migration,D 100098,EUR,"1725,40","1725,40","1725,40",19.05.2026,26998945,667639 Schäfer,U,30 days net
NEWGL,UK,K,S,4170,11.05.2026,11.05.2026,01,Invoice migration,D 100070,EUR,"2097,08","2097,08","2097,08",25.05.2026,29604752,149305 Seidel AG & Co. KG,U,14 days net
NEWGL,UK,K,S,4170,04.05.2026,04.05.2026,01,Invoice migration,D 100021,EUR,"177,60","177,60","177,60",18.05.2026,23450608,127374 Liebelt Albers GmbH,U,14 days net
NEWGL,UK,K,S,4170,22.04.2026,22.04.2026,01,Invoice migration,D 100021,EUR,"360,00","360,00","360,00",06.05.2026,25474010,645631 Liebelt Albers GmbH,U,14 days net
NEWGL,UK,K,S,4170,06.05.2026,06.05.2026,01,Invoice migration,D 100021,EUR,"190,00","190,00","190,00",20.05.2026,20175930,346122 Liebelt Albers GmbH,M,14 days net
NEWGL,UK,K,S,4170,08.05.2026,08.05.2026,01,Invoice migration,D 100021,EUR,"129,20","129,20","129,20",07.06.2026,20230679,262059 Liebelt Albers GmbH,U,30 days net
NEWGL,UK,K,S,4170,23.04.2026,23.04.2026,01,Invoice migration,D 100021,EUR,"344,00","344,00","344,00",23.05.2026,23138722,838238 Liebelt Albers GmbH,U,30 days net
NEWGL,UK,K,S,4170,20.04.2026,20.04.2026,01,Invoice migration,D 100021,EUR,"1072,00","1072,00","1072,00",04.05.2026,21687996,706501 Liebelt Albers GmbH,U,14 days net
NEWGL,UK,K,S,4170,27.04.2026,27.04.2026,01,Invoice migration,D 100021,EUR,"1892,00","1892,00","1892,00",27.05.2026,21743353,545922 Liebelt Albers GmbH,U,30 days net
NEWGL,UK,K,S,4170,14.04.2026,14.04.2026,01,Invoice migration,D 100021,EUR,"232,00","232,00","232,00",14.05.2026,29376445,354085 Liebelt Albers GmbH,U,30 days net
NEWGL,UK,K,S,4170,25.04.2026,25.04.2026,01,Invoice migration,D 100021,EUR,"30975,20","30975,20","30975,20",25.05.2026,25102624,848111 Liebelt Albers GmbH,U,30 days net
NEWGL,UK,K,S,4170,08.05.2026,08.05.2026,01,Invoice migration,D 100042,EUR,"1532,96","1532,96","1532,96",07.06.2026,25573865,421929 auch Schlauchin AG,M,30 days net
NEWGL,UK,K,S,4170,05.05.2026,05.05.2026,01,Invoice migration,D 100042,EUR,"7466,06","7466,06","7466,06",04.06.2026,21419864,498974 auch Schlauchin AG,U,30 days net
NEWGL,UK,K,S,4170,13.05.2026,13.05.2026,01,Invoice migration,D 100063,EUR,"1005,07","1005,07","1005,07",27.05.2026,21391211,514176 Döhn Müller KG,U,14 days net
NEWGL,UK,K,S,4170,12.05.2026,12.05.2026,01,Invoice migration,D 100091,EUR,"1963,80","1963,80","1963,80",26.05.2026,28647977,851299 Krebs GmbH & Co. KGaA,U,14 days net
NEWGL,UK,K,S,4170,11.05.2026,11.05.2026,01,Invoice migration,D 100035,EUR,"907,79","907,79","907,79",25.05.2026,22452078,770059 Klingelhöfer,U,14 days net
NEWGL,UK,K,S,4170,23.04.2026,23.04.2026,01,Invoice migration,D 100077,EUR,"2138,91","2138,91","2138,91",23.05.2026,29768156,424714 Hänel KG,U,30 days net
NEWGL,UK,K,S,4170,18.04.2026,18.04.2026,01,Invoice migration,D 100042,EUR,"30095,10","30095,10","30095,10",18.05.2026,24236188,949518 auch Schlauchin AG,U,30 days net
NEWGL,UK,K,S,4170,02.05.2026,02.05.2026,01,Invoice migration,D 100014,EUR,"319,63","319,63","319,63",01.06.2026,24470467,169972 Römer Eberth GmbH & Co. KGaA,U,30 days net
NEWGL,UK,K,S,4170,16.05.2026,16.05.2026,01,Invoice migration,D 100042,EUR,"232,81","232,81","232,81",15.06.2026,27193719,898010 auch Schlauchin AG,U,30 days net
NEWGL,UK,K,S,4170,18.05.2026,18.05.2026,01,Invoice migration,D 100084,EUR,"3009,63","3009,63","3009,63",01.06.2026,28259070,582681 Riehl,M,14 days net
NEWGL,UK,K,S,4170,04.05.2026,07.05.2026,01,Invoice migration,D 100042,EUR,"1119,55","1119,55","1119,55",18.05.2026,24187266,941645 auch Schlauchin AG,U,14 days net
NEWGL,UK,K,H,4170,24.04.2026,24.04.2026,11,Invoice migration,D 100056,EUR,"2479,50","2479,50","2479,50",08.05.2026,28856912,421676 Hecker Dörr Stiftung & Co. KGaA,U,14 days net
NEWGL,UK,K,S,4170,13.04.2026,13.04.2026,01,Invoice migration,D 100049,EUR,"4436,64","4436,64","4436,64",13.05.2026,29328851,612429 Ackermann GbR,U,30 days net
NEWGL,UK,K,S,4170,09.05.2026,09.05.2026,01,Invoice migration,D 100049,EUR,"6006,00","6006,00","6006,00",23.05.2026,25127738,421129 Ackermann GbR,M,14 days net
NEWGL,UK,K,S,4170,19.04.2026,19.04.2026,01,Invoice migration,D 100091,EUR,"876,14","876,14","876,14",19.05.2026,26134046,752378 Krebs GmbH & Co. KGaA,U,30 days net
NEWGL,UK,K,S,4170,16.05.2026,16.05.2026,01,Invoice migration,D 100056,EUR,"9891,00","9891,00","9891,00",15.06.2026,24378743,688959 Hecker Dörr Stiftung & Co. KGaA,U,30 days net
NEWGL,UK,K,S,4170,29.04.2026,29.04.2026,01,Invoice migration,D 100063,EUR,"742,32","742,32","742,32",13.05.2026,28367921,886682 Döhn Müller KG,U,14 days net
NEWGL,UK,K,S,4170,27.04.2026,27.04.2026,01,Invoice migration,D 100042,EUR,"13406,54","13406,54","13406,54",27.05.2026,23044800,756332 auch Schlauchin AG,U,30 days net
NEWGL,UK,K,S,4170,13.04.2026,13.04.2026,01,Invoice migration,D 100042,EUR,"1370,88","1370,88","1370,88",13.05.2026,20903085,547432 auch Schlauchin AG,M,30 days net
NEWGL,UK,K,S,4170,26.04.2026,26.04.2026,01,Invoice migration,D 100021,EUR,"1152,00","1152,00","1152,00",26.05.2026,28872934,985991 Liebelt Albers GmbH,M,30 days net
NEWGL,UK,K,S,4170,23.04.2026,23.04.2026,01,Invoice migration,D 100021,EUR,"1520,00","1520,00","1520,00",07.05.2026,24334856,537245 Liebelt Albers GmbH,M,14 days net
NEWGL,UK,K,S,4170,16.04.2026,16.04.2026,01,Invoice migration,D 100021,EUR,"302,40","302,40","302,40",16.05.2026,20198908,898354 Liebelt Albers GmbH,U,30 days net
NEWGL,UK,K,S,4170,02.05.2026,02.05.2026,01,Invoice migration,D 100021,EUR,"3172,00","3172,00","3172,00",01.06.2026,24251478,719085 Liebelt Albers GmbH,U,30 days net
NEWGL,UK,K,S,4170,18.05.2026,18.05.2026,01,Invoice migration,D 100021,EUR,"688,00","688,00","688,00",17.06.2026,22163594,917412 Liebelt Albers GmbH,M,30 days net
NEWGL,UK,K,S,4170,07.05.2026,07.05.2026,01,Invoice migration,D 100021,EUR,"3172,00","3172,00","3172,00",06.06.2026,28340692,269016 Liebelt Albers GmbH,U,30 days net
NEWGL,UK,K,S,4170,09.05.2026,09.05.2026,01,Invoice migration,D 100021,EUR,"658,00","658,00","658,00",08.06.2026,20890382,770998 Liebelt Albers GmbH,M,30 days net
NEWGL,UK,K,S,4170,17.04.2026,17.04.2026,01,Invoice migration,D 100021,EUR,"748,00","748,00","748,00",01.05.2026,20588183,475631 Liebelt Albers GmbH,M,14 days net
NEWGL,UK,K,S,4170,15.04.2026,15.04.2026,01,Invoice migration,D 100021,EUR,"195,20","195,20","195,20",15.05.2026,22499884,560981 Liebelt Albers GmbH,U,30 days net
NEWGL,UK,K,S,4170,17.04.2026,17.04.2026,01,Invoice migration,D 100021,EUR,"32,00","32,00","32,00",17.05.2026,22672595,631759 Liebelt Albers GmbH,U,30 days net
NEWGL,UK,K,S,4170,15.05.2026,15.05.2026,01,Invoice migration,D 100028,EUR,"4028,00","4028,00","4028,00",29.05.2026,23358233,450868 Freudenberger Fiebig GmbH,M,14 days net
NEWGL,UK,K,S,4170,15.05.2026,15.05.2026,01,Invoice migration,D 100042,EUR,"30095,10","30095,10","30095,10",29.05.2026,20640679,606486 auch Schlauchin AG,M,14 days net
NEWGL,UK,K,S,4170,07.05.2026,07.05.2026,01,Invoice migration,D 100021,EUR,"344,00","344,00","344,00",06.06.2026,24370422,836325 Liebelt Albers GmbH,U,30 days net
NEWGL,UK,K,S,4170,18.04.2026,18.04.2026,01,Invoice migration,D 100021,EUR,"129,20","129,20","129,20",02.05.2026,27395608,741390 Liebelt Albers GmbH,U,14 days net
NEWGL,UK,K,S,4170,12.04.2026,12.04.2026,01,Invoice migration,D 100042,EUR,"1119,55","1119,55","1119,55",12.05.2026,21571441,633872 auch Schlauchin AG,M,30 days net
NEWGL,UK,K,S,4170,26.04.2026,26.04.2026,01,Invoice migration,D 100021,EUR,"232,00","232,00","232,00",10.05.2026,29302423,419461 Liebelt Albers GmbH,U,14 days net
NEWGL,UK,K,S,4170,24.04.2026,24.04.2026,01,Invoice migration,D 100021,EUR,"688,00","688,00","688,00",08.05.2026,29212284,665976 Liebelt Albers GmbH,M,14 days net
NEWGL,UK,K,S,4170,04.05.2026,04.05.2026,01,Invoice migration,D 100042,EUR,"3347,47","3347,47","3347,47",03.06.2026,24269817,799725 auch Schlauchin AG,U,30 days net
NEWGL,UK,K,S,4170,09.05.2026,09.05.2026,01,Invoice migration,D 100014,EUR,"319,63","319,63","319,63",08.06.2026,20026260,900080 Römer Eberth GmbH & Co. KGaA,U,30 days net
NEWGL,UK,K,S,4170,15.04.2026,15.04.2026,01,Invoice migration,D 100042,EUR,"7466,06","7466,06","7466,06",15.05.2026,20408450,460728 auch Schlauchin AG,U,30 days net
NEWGL,UK,K,S,4170,29.04.2026,29.04.2026,01,Invoice migration,D 100021,EUR,"748,00","748,00","748,00",29.05.2026,20203878,961042 Liebelt Albers GmbH,U,30 days net
NEWGL,UK,K,S,4170,08.05.2026,08.05.2026,01,Invoice migration,D 100049,EUR,"4436,64","4436,64","4436,64",22.05.2026,28354574,357652 Ackermann GbR,M,14 days net
NEWGL,UK,K,S,4170,16.05.2026,16.05.2026,01,Invoice migration,D 100021,EUR,"1152,00","1152,00","1152,00",15.06.2026,23661555,414338 Liebelt Albers GmbH,M,30 days net
NEWGL,UK,K,S,4170,19.04.2026,19.04.2026,01,Invoice migration,D 100021,EUR,"3172,00","3172,00","3172,00",19.05.2026,27064660,401122 Liebelt Albers GmbH,U,30 days net
NEWGL,UK,K,S,4170,15.05.2026,15.05.2026,01,Invoice migration,D 100021,EUR,"1892,00","1892,00","1892,00",14.06.2026,25371686,395213 Liebelt Albers GmbH,U,30 days net
NEWGL,UK,K,S,4170,19.04.2026,19.04.2026,01,Invoice migration,D 100021,EUR,"748,00","748,00","748,00",19.05.2026,22832677,452890 Liebelt Albers GmbH,U,30 days net
NEWGL,UK,K,S,4170,14.04.2026,14.04.2026,01,Invoice migration,D 100021,EUR,"129,20","129,20","129,20",28.04.2026,20353228,209229 Liebelt Albers GmbH,M,14 days net
NEWGL,UK,K,S,4170,06.05.2026,06.05.2026,01,Invoice migration,D 100049,EUR,"6006,00","6006,00","6006,00",05.06.2026,26343497,766458 Ackermann GbR,M,30 days net
NEWGL,UK,K,S,4170,12.04.2026,15.04.2026,01,Invoice migration,D 100056,EUR,"2479,50","2479,50","2479,50",26.04.2026,21828748,870327 Hecker Dörr Stiftung & Co. KGaA,M,14 days net
NEWGL,UK,K,S,4170,16.04.2026,16.04.2026,01,Invoice migration,D 100028,EUR,"4028,00","4028,00","4028,00",30.04.2026,29856793,697233 Freudenberger Fiebig GmbH,U,14 days net
NEWGL,UK,K,S,4170,15.04.2026,15.04.2026,01,Invoice migration,D 100042,EUR,"1119,55","1119,55","1119,55",15.05.2026,23075277,783504 auch Schlauchin AG,M,30 days net
NEWGL,UK,K,S,4170,13.04.2026,13.04.2026,01,Invoice migration,D 100091,EUR,"876,14","876,14","876,14",13.05.2026,20229267,132531 Krebs GmbH & Co. KGaA,M,30 days net
NEWGL,UK,K,S,4170,02.05.2026,02.05.2026,01,Invoice migration,D 100021,EUR,"177,60","177,60","177,60",01.06.2026,29371504,865174 Liebelt Albers GmbH,U,30 days net
NEWGL,UK,K,S,4170,01.05.2026,01.05.2026,01,Invoice migration,D 100056,EUR,"9891,00","9891,00","9891,00",31.05.2026,26249691,988952 Hecker Dörr Stiftung & Co. KGaA,U,30 days net
NEWGL,UK,K,S,4170,06.05.2026,06.05.2026,01,Invoice migration,D 100021,EUR,"3172,00","3172,00","3172,00",05.06.2026,26377006,748032 Liebelt Albers GmbH,U,30 days net
NEWGL,UK,K,S,4170,17.05.2026,17.05.2026,01,Invoice migration,D 100021,EUR,"30975,20","30975,20","30975,20",16.06.2026,29896647,525742 Liebelt Albers GmbH,U,30 days net
NEWGL,UK,K,S,4170,14.05.2026,14.05.2026,01,Invoice migration,D 100084,EUR,"3009,63","3009,63","3009,63",13.06.2026,25995102,177948 Riehl,U,30 days net
NEWGL,UK,K,S,4170,19.04.2026,19.04.2026,01,Invoice migration,D 100056,EUR,"9891,00","9891,00","9891,00",19.05.2026,28423477,961946 Hecker Dörr Stiftung & Co. KGaA,U,30 days net
NEWGL,UK,K,S,4170,18.04.2026,18.04.2026,01,Invoice migration,D 100042,EUR,"232,81","232,81","232,81",18.05.2026,23456048,491881 auch Schlauchin AG,U,30 days net
NEWGL,UK,K,S,4170,14.04.2026,14.04.2026,01,Invoice migration,D 100021,EUR,"344,00","344,00","344,00",28.04.2026,20913986,124426 Liebelt Albers GmbH,U,14 days net
NEWGL,UK,K,S,4170,18.04.2026,18.04.2026,01,Invoice migration,D 100021,EUR,"232,00","232,00","232,00",18.05.2026,25105276,878251 Liebelt Albers GmbH,M,30 days net
NEWGL,UK,K,S,4170,02.05.2026,02.05.2026,01,Invoice migration,D 100021,EUR,"3172,00","3172,00","3172,00",01.06.2026,23736067,743646 Liebelt Albers GmbH,U,30 days net
NEWGL,UK,K,S,4170,29.04.2026,29.04.2026,01,Invoice migration,D 100084,EUR,"3009,63","3009,63","3009,63",29.05.2026,28982616,870882 Riehl,M,30 days net
NEWGL,UK,K,S,4170,13.05.2026,13.05.2026,01,Invoice migration,D 100021,EUR,"1520,00","1520,00","1520,00",12.06.2026,29730109,252289 Liebelt Albers GmbH,U,30 days net
NEWGL,UK,K,S,4170,12.04.2026,12.04.2026,01,Invoice migration,D 100021,EUR,"190,00","190,00","190,00",12.05.2026,29057018,500150 Liebelt Albers GmbH,U,30 days net
NEWGL,UK,K,S,4170,25.04.2026,25.04.2026,01,Invoice migration,D 100056,EUR,"9891,00","9891,00","9891,00",09.05.2026,28109923,723219 Hecker Dörr Stiftung & Co. KGaA,M,14 days net
NEWGL,UK,K,S,4170,24.04.2026,24.04.2026,01,Invoice migration,D 100021,EUR,"658,00","658,00","658,00",24.05.2026,24086328,592636 Liebelt Albers GmbH,U,30 days net
NEWGL,UK,K,S,4170,06.05.2026,06.05.2026,01,Invoice migration,D 100021,EUR,"1152,00","1152,00","1152,00",20.05.2026,24454777,440593 Liebelt Albers GmbH,U,14 days net
NEWGL,UK,K,S,4170,09.05.2026,09.05.2026,01,Invoice migration,D 100091,EUR,"1963,80","1963,80","1963,80",08.06.2026,24095369,896933 Krebs GmbH & Co. KGaA,U,30 days net
NEWGL,UK,K,S,4170,27.04.2026,27.04.2026,01,Invoice migration,D 100021,EUR,"30975,20","30975,20","30975,20",27.05.2026,27146309,939178 Liebelt Albers GmbH,M,30 days net
NEWGL,UK,K,S,4170,02.05.2026,02.05.2026,01,Invoice migration,D 100021,EUR,"177,60","177,60","177,60",01.06.2026,26432026,720100 Liebelt Albers GmbH,U,30 days net
NEWGL,UK,K,S,4170,13.04.2026,13.04.2026,01,Invoice migration,D 100021,EUR,"1072,00","1072,00","1072,00",13.05.2026,20915115,428890 Liebelt Albers GmbH,M,30 days net
NEWGL,UK,K,S,4170,12.04.2026,12.04.2026,01,Invoice migration,D 100028,EUR,"4028,00","4028,00","4028,00",12.05.2026,27463494,434597 Freudenberger Fiebig GmbH,U,30 days net
NEWGL,UK,K,S,4170,18.04.2026,18.04.2026,01,Invoice migration,D 100063,EUR,"1005,07","1005,07","1005,07",18.05.2026,23111020,564394 Döhn Müller KG,U,30 days net
NEWGL,UK,K,S,4170,11.05.2026,11.05.2026,01,Invoice migration,D 100098,EUR,"1725,40","1725,40","1725,40",25.05.2026,29144594,836531 Schäfer,U,14 days net
NEWGL,UK,K,S,4170,23.04.2026,23.04.2026,01,Invoice migration,D 100042,EUR,"13406,54","13406,54","13406,54",23.05.2026,24210565,422700 auch Schlauchin AG,M,30 days net
NEWGL,UK,K,S,4170,26.04.2026,29.04.2026,01,Invoice migration,D 100042,EUR,"11230,03","11230,03","11230,03",10.05.2026,29287019,604133 auch Schlauchin AG,M,14 days net
NEWGL,UK,K,H,4170,19.04.2026,19.04.2026,11,Invoice migration,D 100021,EUR,"30975,20","30975,20","30975,20",19.05.2026,24125548,554009 Liebelt Albers GmbH,M,30 days net
NEWGL,UK,K,S,4170,26.04.2026,26.04.2026,01,Invoice migration,D 100042,EUR,"13406,54","13406,54","13406,54",26.05.2026,23727923,483820 auch Schlauchin AG,M,30 days net
NEWGL,UK,K,S,4170,15.05.2026,15.05.2026,01,Invoice migration,D 100021,EUR,"1072,00","1072,00","1072,00",14.06.2026,20980133,814251 Liebelt Albers GmbH,U,30 days net
NEWGL,UK,K,S,4170,21.04.2026,21.04.2026,01,Invoice migration,D 100042,EUR,"232,81","232,81","232,81",05.05.2026,27847419,101754 auch Schlauchin AG,U,14 days net
NEWGL,UK,K,H,4170,15.05.2026,15.05.2026,11,Invoice migration,D 100021,EUR,"1892,00","1892,00","1892,00",14.06.2026,26660898,874999 Liebelt Albers GmbH,U,30 days net
NEWGL,UK,K,S,4170,21.04.2026,21.04.2026,01,Invoice migration,D 100021,EUR,"30975,20","30975,20","30975,20",21.05.2026,20337710,868329 Liebelt Albers GmbH,U,30 days net
NEWGL,UK,K,S,4170,10.05.2026,10.05.2026,01,Invoice migration,D 100042,EUR,"11230,03","11230,03","11230,03",24.05.2026,29624780,366755 auch Schlauchin AG,M,14 days net
NEWGL,UK,K,S,4170,03.05.2026,03.05.2026,01,Invoice migration,D 100021,EUR,"1072,00","1072,00","1072,00",17.05.2026,22514673,589763 Liebelt Albers GmbH,M,14 days net
NEWGL,UK,K,S,4170,10.05.2026,10.05.2026,01,Invoice migration,D 100021,EUR,"748,00","748,00","748,00",24.05.2026,24107946,639595 Liebelt Albers GmbH,U,14 days net
