cost center legacy,cost center legacy description,target operating unit,cost center new,cost center new description,department,person in charge
4444-2700,General Management,Location Management,4170-8000,Location Management,DV/GRA-UA,RESPUSRA
4444-2700,General Management,Marketing,0454-7000,Marketing Management,DV/GRB-UBM,RESPUSI
4444-5930,Management Assistance,Location Management,4170-8005,Management Assistance,DV/GRA-UA,RESPUSRA
4444-8972,Corporate Strategy,Location Management,4170-8010,Corporate Strategy,DV/GRA-UA,RESPUSRA
4444-9577,Internal Audit,Finance & Controlling,4170-8065,Internal Audit,DV/GRA-UAF,RESPUSRF
4444-7577,Legal Affairs and Compliance,Location Management,4170-8015,Legal Affairs and Compliance,DV/GRA-UA,RESPUSRA
4444-5577,Investor Relations,Location Management,4170-8020,Investor Relations,DV/GRA-UA,RESPUSRA
4444-8150,Business Development,Marketing,0454-7005,Market Development,DV/GRB-UBM,RESPUSI
4444-8150,Business Development,Location Management,4170-8025,Corporate Development,DV/GRA-UA,RESPUSRA
4444-6022,Quality Management System,Quality,4170-1235,Quality Management System,DV/GRA-UAQ,RESPUSRA
4444-8833,Financial Accounting,Finance & Controlling,4170-8070,Financial Accounting,DV/GRA-UAF,RESPUSRF
4444-1155,Controlling,Finance & Controlling,4170-8075,Controlling,DV/GRA-UAF,RESPUSRF
4444-2798,Treasury and Cash Management,Finance & Controlling,4170-8080,,DV/GRA-UAF,RESPUSRF
4444-7754,Payroll Accounting,Location Management,4170-8030,Payroll Accounting,DV/GRA-UA,RESPUSRA
4444-9119,Human Resources,Location Management,4170-8035,Human Resources Operations,DV/GRA-UA,RESPUSRA
4444-9119,Human Resources,Finance & Controlling,4170-8085,Personnel Controlling,DV/GRA-UAF,RESPUSRF
4444-7739,Personnel Development,Location Management,4170-8040,Personnel Development,DV/GRA-UA,RESPUSRA
4444-9193,Information Technology,Location Management,4170-8045,Information Technology,DV/GRA-UA,RESPUSRA
4444-6408,IT Infrastructure and Networks,Location Management,4170-8050,IT Infrastructure and Networks,DV/GRA-UA,RESPUSRA
4444-4783,Occupational Safety and Health,Facility Management,4170-8095,Occupational Safety and Health,DV/GRA-UAB,RESPUSI
4444-4799,Environmental Protection,Facility Management,4170-8100,Environmental Protection,DV/GRA-UAB,RESPUSI
4444-5966,Insurance and Risk Management,Finance & Controlling,4170-8090,Insurance and Risk Management,DV/GRA-UAF,RESPUSRF
4444-4767,Design Management,Mechanical Engineering,4170-1035,Design Management,DV/GRA-UAD,RESPUSH
4444-7211,Project Management Office,Mechanical Engineering,4170-1040,Engineering Coordination,DV/GRA-UAD,RESPUSH
4444-7211,Project Management Office,PMO,4170-1020,Project Management Office,DV/GRA-UAX,RESPUSRG
4444-2890,Project Management Machinery,PMO,4170-1025,Project Management Machinery,DV/GRA-UAX,RESPUSRG
4444-2109,Mechanical Design Machinery,Mechanical Engineering,4170-1045,Mechanical Design Machinery,DV/GRA-UAD,RESPUSH
4444-5184,Mechanical Design Tooling,Mechanical Engineering,4170-1050,Mechanical Design Tooling,DV/GRA-UAD,RESPUSH
4444-7971,Mechanical Design Fixtures,Mechanical Engineering,4170-1055,Mechanical Design Fixtures,DV/GRA-UAD,RESPUSH
4444-5609,Electrical Design Hardware,Electrical Engineering,4170-1080,Electrical Design Hardware,DV/GRA-UAE,RESPUSH
4444-8258,Electrical Design Software,Electrical Engineering,4170-1085,Electrical Design Software,DV/GRA-UAE,RESPUSH
4444-5223,Electrical Design Hardware and Software,After Sales & Service,4170-1185,Service Software Support,DV/GRA-UAC,RESPUSRD
4444-5223,Electrical Design Hardware and Software,Electrical Engineering,4170-1090,Electrical Design Hardware,DV/GRA-UAE,RESPUSH
4444-6585,Automation Engineering,Electrical Engineering,4170-1095,Automation Engineering,DV/GRA-UAE,RESPUSH
4444-4359,Control Cabinet Design,Electrical Engineering,4170-1100,Control Cabinet Design,DV/GRA-UAE,RESPUSH
4444-3126,Technical Documentation,Mechanical Engineering,4170-1060,Technical Documentation,DV/GRA-UAD,RESPUSH
4444-3126,Technical Documentation,After Sales & Service,4170-1190,Service Documentation,DV/GRA-UAC,RESPUSRD
4444-2746,Standards and Norms,Mechanical Engineering,4170-1065,,DV/GRA-UAD,RESPUSH
4444-1013,Research and Development,Mechanical Engineering,4170-1070,Research and Development,DV/GRA-UAD,RESPUSH
4444-3957,Prototype Shop,Manufacturing,4170-1270,Prototype Shop,DV/GRA-UAM,RESPUSRC
4444-9621,Apprentice Workshop,Location Management,4170-8055,Apprentice Workshop,DV/GRA-UA,RESPUSRA
4444-9693,Technical Training,Location Management,4170-8060,Technical Training,DV/GRA-UA,RESPUSRA
4444-1088,Engineering Change Management,PMO,4170-1030,Engineering Change Management,DV/GRA-UAX,RESPUSRG
4444-7410,CAD Administration,Mechanical Engineering,4170-1075,CAD Administration,DV/GRA-UAD,RESPUSH
4444-1159,Purchasing,Purchasing,4170-1105,Purchasing,DV/GRA-UAY,RESPUSRB
4444-2307,Strategic Purchasing,Purchasing,4170-1110,Strategic Purchasing,DV/GRA-UAY,RESPUSRB
4444-4642,Operational Purchasing,Purchasing,4170-1115,Operational Purchasing,DV/GRA-UAY,RESPUSRB
4444-4670,Purchasing Electrical Parts,Purchasing,4170-1120,Purchasing Electrical Parts,DV/GRA-UAY,RESPUSRB
4444-5047,Purchasing Mechanical Parts,Purchasing,4170-1125,Purchasing Mechanical Parts,DV/GRA-UAY,RESPUSRB
4444-1532,Supplier Quality Assurance,Quality,4170-1240,Supplier Quality Assurance,DV/GRA-UAQ,RESPUSRA
4444-3175,Customs and Export Control,Purchasing,4170-1130,Customs and Export Control,DV/GRA-UAY,RESPUSRB
4444-2031,Subcontracting,Purchasing,4170-1135,Subcontracting,DV/GRA-UAY,RESPUSRB
4444-8692,Production and Assembly Management,Assembly,4170-1160,Assembly Management,DV/GRA-UAA,RESPUSRB
4444-8692,Production and Assembly Management,Work Scheduling,4170-1000,Production Control,DV/GRA-UAW,RESPUSRC
4444-8692,Production and Assembly Management,Manufacturing,4170-1275,Machining Management,DV/GRA-UAM,RESPUSRC
4444-4351,Mechanical Assembly,Assembly,4170-1165,Mechanical Assembly,DV/GRA-UAA,RESPUSRB
4444-7258,Electrical Assembly,Assembly,4170-1170,Electrical Assembly,DV/GRA-UAA,RESPUSRB
4444-8765,Mechanical Commissioning,Assembly,4170-1175,Mechanical Commissioning,DV/GRA-UAA,RESPUSRB
4444-8765,Mechanical Commissioning,After Sales & Service,4170-1195,Field Commissioning,DV/GRA-UAC,RESPUSRD
4444-7321,Final Assembly and Test,Assembly,4170-1180,Final Assembly and Test,DV/GRA-UAA,RESPUSRB
4444-6631,Manufacturing General,Manufacturing,4170-1280,Manufacturing General,DV/GRA-UAM,RESPUSRC
4444-3089,Manufacturing Turning,Manufacturing,4170-1285,Manufacturing Turning,DV/GRA-UAM,RESPUSRC
4444-7940,Manufacturing Milling,Manufacturing,4170-1290,Manufacturing Milling,DV/GRA-UAM,RESPUSRC
4444-9511,Manufacturing Grinding,Manufacturing,4170-1295,Manufacturing Grinding,DV/GRA-UAM,RESPUSRC
4444-1537,Manufacturing EDM,Manufacturing,4170-1300,Manufacturing EDM,DV/GRA-UAM,RESPUSRC
4444-9883,Manufacturing Sheet Metal,Manufacturing,4170-1305,Manufacturing Sheet Metal,DV/GRA-UAM,RESPUSRC
4444-8129,Manufacturing Welding,Manufacturing,4170-1310,Manufacturing Welding,DV/GRA-UAM,RESPUSRC
4444-4773,Surface Treatment,Manufacturing,4170-1315,Surface Treatment,DV/GRA-UAM,RESPUSRC
4444-1883,Tool Shop,Manufacturing,4170-1320,Tool Shop,DV/GRA-UAM,RESPUSRC
4444-1453,Work Scheduling,Work Scheduling,4170-1005,Work Scheduling,DV/GRA-UAW,RESPUSRC
4444-6404,Production Planning and Control,Work Scheduling,4170-1010,Production Planning and Control,DV/GRA-UAW,RESPUSRC
4444-3341,NC Programming,Work Scheduling,4170-1015,NC Programming,DV/GRA-UAW,RESPUSRC
4444-9593,Maintenance and Repair,Facility Management,4170-8105,Maintenance and Repair,DV/GRA-UAB,RESPUSI
4444-8017,Facility Services,Facility Management,4170-8110,Facility Services,DV/GRA-UAB,RESPUSI
4444-7978,Energy Management,Facility Management,4170-8115,Energy Management,DV/GRA-UAB,RESPUSI
4444-1668,Goods Receipt and Inspection,Purchasing,4170-1140,Goods Receipt and Inspection,DV/GRA-UAY,RESPUSRB
4444-3801,Warehouse Raw Material,Purchasing,4170-1145,,DV/GRA-UAY,RESPUSRB
4444-3148,Warehouse Finished Goods,Purchasing,4170-1150,Warehouse Finished Goods,DV/GRA-UAY,RESPUSRB
4444-3924,Logistics and Shipping,Purchasing,4170-1155,Logistics and Shipping,DV/GRA-UAY,RESPUSRB
4444-5139,Vehicle Fleet,Facility Management,4170-8120,Vehicle Fleet,DV/GRA-UAB,RESPUSI
4444-6457,Scrap and Waste Disposal,Facility Management,4170-8125,Scrap and Waste Disposal,DV/GRA-UAB,RESPUSI
4444-4335,Quality Assurance,Quality,4170-1245,Quality Assurance,DV/GRA-UAQ,RESPUSRA
4444-4092,Incoming Goods Inspection,Quality,4170-1250,Incoming Goods Inspection,DV/GRA-UAQ,RESPUSRA
4444-1739,Measuring Room,Quality,4170-1255,,DV/GRA-UAQ,RESPUSRA
4444-3704,Customer Complaint Handling,Quality,4170-1260,Customer Complaint Handling,DV/GRA-UAQ,RESPUSRA
4444-3704,Customer Complaint Handling,After Sales & Service,4170-1200,Warranty Processing,DV/GRA-UAC,RESPUSRD
4444-6374,Calibration Service,Quality,4170-1265,Calibration Service,DV/GRA-UAQ,RESPUSRA
4444-8192,Service Center,After Sales & Service,4170-1205,Service Center,DV/GRA-UAC,RESPUSRD
4444-9047,Spare Parts Management,After Sales & Service,4170-1210,Spare Parts Management,DV/GRA-UAC,RESPUSRD
4444-1260,Field Service,After Sales & Service,4170-1215,Field Service,DV/GRA-UAC,RESPUSRD
4444-5559,Service Hotline,After Sales & Service,4170-1220,Service Hotline,DV/GRA-UAC,RESPUSRD
4444-3094,Retrofit and Modernisation,After Sales & Service,4170-1225,Retrofit and Modernisation,DV/GRA-UAC,RESPUSRD
4444-3094,Retrofit and Modernisation,Technical Sales,0454-2000,Modernisation Sales,DV/GRB-UBT1,RESPUSJ
4444-1418,Repair Shop,After Sales & Service,4170-1230,Repair Shop,DV/GRA-UAC,RESPUSRD
4444-5774,Sales Management,Sales & KAM External,0454-2020,Sales Management,DV/GRB-UBS2,RESPUSRE
4444-9770,Technical Clarification,Technical Sales,0454-2005,Technical Clarification,DV/GRB-UBT1,RESPUSJ
4444-8989,Technical Sales,Sales & KAM External,0454-2025,Sales External Partners,DV/GRB-UBS2,RESPUSRE
4444-8989,Technical Sales,Technical Sales,0454-2010,Technical Sales,DV/GRB-UBT1,RESPUSJ
4444-1405,Key Account Management,Sales & KAM External,0454-2030,Key Account Management,DV/GRB-UBS2,RESPUSRE
4444-3456,Inside Sales,Order Management,0454-2040,Inside Sales,DV/GRB-UBO,RESPUSRE
4444-2164,Order Processing,Order Management,0454-2045,,DV/GRB-UBO,RESPUSRE
4444-9126,Quotation Management,Order Management,0454-2050,Quotation Processing,DV/GRB-UBO,RESPUSRE
4444-9126,Quotation Management,Technical Sales,0454-2015,Technical Quotation,DV/GRB-UBT1,RESPUSJ
4444-6738,Marketing and Communications,Marketing,0454-7010,Marketing and Communications,DV/GRB-UBM,RESPUSI
4444-5387,Trade Fairs and Events,Marketing,0454-7015,Trade Fairs and Events,DV/GRB-UBM,RESPUSI
4444-8832,Product Management,Marketing,0454-7020,Product Management,DV/GRB-UBM,RESPUSI
4444-8832,Product Management,Sales & KAM External,0454-2035,Product Portfolio Sales,DV/GRB-UBS2,RESPUSRE
