customer transaction,status,receipt date,customer no.,customer name,order type,currency,net value,order value
615762,completed,17.12.21,1675046,Wieloch Hermighausen Stiftung & Co. KG,ERS,EUR,"2.360,000","2.360,000"
902770,completed,15.04.22,1675046,Wieloch Hermighausen Stiftung & Co. KG,ERS,EUR,"30,000","30,000"
367488,completed,01.08.24,1675046,Wieloch Hermighausen Stiftung & Co. KG,ERS,EUR,"18,000","18,000"
821656,completed,05.10.22,1675046,Wieloch Hermighausen Stiftung & Co. KG,KSE,EUR,"88,500","88,500"
959703,invoiced,29.07.24,1675046,Wieloch Hermighausen Stiftung & Co. KG,ERS,EUR,"900,000","900,000"
860895,open,18.08.22,1675046,Wieloch Hermighausen Stiftung & Co. KG,ERS,EUR,"26.210,000","26.210,000"
895673,completed,24.05.22,9064945,Werner,ERS,EUR,"4.955,000","4.707,250"
973918,completed,17.01.24,9064945,Werner,ERS,EUR,"75,000","71,250"
831519,completed,15.11.22,9064945,Werner,ERS,EUR,"5.690,000","5.423,500"
292516,invoiced,26.10.23,9064945,Werner,ERS,EUR,"3.484,000","3.484,000"
695608,open,28.08.22,9064945,Werner,KSE,EUR,"4.680,000","4.446,000"
691500,completed,01.02.22,2648651,Gorlitz,ERS,EUR,"1.640,000","1.574,400"
128473,completed,27.05.23,2648651,Gorlitz,ERS,EUR,"1.070,300","1.027,490"
503101,completed,27.04.24,2648651,Gorlitz,ERS,EUR,"40,000","38,400"
158297,completed,26.07.22,2648651,Gorlitz,ERS,EUR,"3.960,000","3.801,600"
503362,open,09.06.24,2648651,Gorlitz,ERS,EUR,"3.380,000","3.244,800"
357876,completed,23.10.23,6901414,Rose,ERS,EUR,"840,000","840,000"
371288,completed,03.08.24,6901414,Rose,ERS,EUR,"920,000","920,000"
101471,completed,30.05.22,6901414,Rose,ERS,EUR,"1.250,000","1.250,000"
767492,completed,25.01.23,6901414,Rose,ERS,EUR,"2.623,000","2.623,000"
446414,completed,29.03.22,6901414,Rose,ERS,EUR,"1.160,000","1.160,000"
178293,open,04.07.23,6901414,Rose,ERS,EUR,"1.540,000","1.540,000"
735762,completed,07.01.23,1411223,Kraus AG,ERS,EUR,"132,000","132,000"
567737,completed,07.09.23,1411223,Kraus AG,ERS,EUR,"1.294,000","1.294,000"
779980,completed,30.07.23,1411223,Kraus AG,ERS,EUR,"204,000","204,000"
446493,open,01.11.21,1411223,Kraus AG,KSE,EUR,"750,000","750,000"
173185,completed,27.08.23,9108865,Henschel Heser AG,ERS,EUR,"5.899,500","5.899,500"
320445,open,28.01.22,9108865,Henschel Heser AG,ERS,EUR,"780,000","780,000"
365385,completed,02.08.22,8611056,Kabus,ERS,EUR,"4.913,800","4.913,800"
410955,completed,04.10.24,8611056,Kabus,ERS,EUR,"1.101,500","1.101,500"
874281,invoiced,27.04.24,8611056,Kabus,ERS,EUR,"4.367,000","4.367,000"
886814,invoiced,09.03.24,8611056,Kabus,ERS,EUR,"750,000","750,000"
812531,invoiced,18.01.22,8611056,Kabus,KSE,EUR,"5.870,920","5.870,920"
269466,open,02.06.24,8611056,Kabus,ERS,EUR,"31.347,800","31.347,800"
510131,completed,17.08.22,5506134,auch Schlauchin GmbH & Co. KG,ERS,EUR,"8.765,200","8.841,200"
470717,completed,13.05.23,5506134,auch Schlauchin GmbH & Co. KG,KSE,EUR,"7.292,000","7.292,000"
440731,completed,06.12.23,5506134,auch Schlauchin GmbH & Co. KG,ERS,EUR,"15.904,000","15.964,000"
757245,completed,04.11.21,5506134,auch Schlauchin GmbH & Co. KG,ERS,EUR,"21.580,000","21.806,720"
809812,open,28.10.23,5506134,auch Schlauchin GmbH & Co. KG,ERS,EUR,"7.655,000","7.655,000"
871645,completed,15.02.23,9176229,Häring GbR,ERS,EUR,"18.489,100","17.864,640"
919829,completed,08.03.24,9176229,Häring GbR,ERS,EUR,"19.506,000","18.530,700"
311536,completed,19.11.21,9176229,Häring GbR,ERS,EUR,"15.732,000","15.732,000"
228332,completed,25.03.22,9176229,Häring GbR,ERS,EUR,"21.400,000","21.400,000"
803636,completed,12.11.21,9176229,Häring GbR,ERS,USD,"5.000,000","4.750,000"
255218,open,19.11.22,9176229,Häring GbR,ERS,EUR,"1.691,600","1.607,020"
510680,completed,13.02.24,3193919,Warmer Weitzel OHG mbH,ERS,EUR,"1.310,500","1.310,500"
208948,completed,23.09.23,3193919,Warmer Weitzel OHG mbH,ERS,EUR,"878,000","948,000"
533833,completed,11.05.24,3193919,Warmer Weitzel OHG mbH,ERS,EUR,"596,000","596,000"
225888,completed,22.05.23,3193919,Warmer Weitzel OHG mbH,ERS,EUR,"154,000","154,000"
495979,completed,13.11.23,3193919,Warmer Weitzel OHG mbH,ERS,EUR,"9.896,000","9.966,000"
604969,completed,05.09.23,9990034,Krein GmbH,ERS,EUR,"864,000","864,000"
624453,completed,04.03.23,9990034,Krein GmbH,ERS,EUR,"519,000","519,000"
850641,completed,13.10.24,9990034,Krein GmbH,ERS,EUR,"5.390,000","5.457,000"
288942,completed,18.03.23,9990034,Krein GmbH,ERS,EUR,"18.720,000","18.872,000"
173816,open,01.02.24,9990034,Krein GmbH,ERS,EUR,"18.800,000","18.800,000"
821747,completed,25.10.23,4646053,Schomber Stey Stiftung & Co. KGaA,ERS,EUR,"1.592,000","1.592,000"
768416,completed,13.08.22,4646053,Schomber Stey Stiftung & Co. KGaA,ERS,EUR,"2.171,200","2.062,640"
816213,completed,18.08.22,4646053,Schomber Stey Stiftung & Co. KGaA,ERS,EUR,"3.525,000","3.348,750"
409021,cancelled,29.11.21,4646053,Schomber Stey Stiftung & Co. KGaA,ERS,EUR,"5.064,000","4.810,800"
434481,cancelled,03.01.22,4646053,Schomber Stey Stiftung & Co. KGaA,ERS,EUR,"3.348,500","3.348,500"
402363,completed,29.10.23,5400324,Eberhardt OHG mbH,ERS,EUR,"1.250,000","1.314,000"
737221,completed,03.01.24,5400324,Eberhardt OHG mbH,ERS,EUR,"10.200,000","10.305,000"
309257,completed,22.10.23,5400324,Eberhardt OHG mbH,ERS,EUR,"4.025,000","4.100,000"
124840,completed,07.10.22,5400324,Eberhardt OHG mbH,ERS,EUR,"57,400","101,400"
396496,open,13.02.23,5400324,Eberhardt OHG mbH,ERS,EUR,"1.800,000","1.710,000"
645815,completed,09.01.23,1996381,Krein AG,ERS,EUR,"2.810,000","2.810,000"
800644,completed,20.04.23,1996381,Krein AG,ERS,EUR,"4.287,000","4.287,000"
911500,completed,14.05.23,1996381,Krein AG,ERS,EUR,"17.732,000","17.732,000"
627184,completed,24.12.21,1996381,Krein AG,ERS,EUR,"8.950,000","8.990,000"
478604,completed,19.07.22,1996381,Krein AG,ERS,EUR,"2.500,000","2.669,270"
619156,invoiced,21.06.24,1996381,Krein AG,ERS,EUR,"5.150,200","5.150,200"
568096,invoiced,18.02.23,1996381,Krein AG,ERS,EUR,"16.000,000","16.000,000"
955408,open,16.07.24,1996381,Krein AG,ERS,EUR,"1.965,000","1.965,000"
651063,completed,26.03.23,9323445,Dussen van Kostolzin GmbH & Co. KGaA,KSE,EUR,"234,000","234,000"
168104,open,02.01.22,9323445,Dussen van Kostolzin GmbH & Co. KGaA,ERS,EUR,"2.700,000","2.700,000"
439513,completed,27.07.24,1160071,Trubin,ERS,EUR,"68.179,000","53.179,620"
369070,completed,29.04.24,1160071,Trubin,ERS,EUR,"58.742,800","58.742,800"
390764,completed,31.07.24,1160071,Trubin,ERS,EUR,"34.002,000","34.118,000"
530256,completed,12.04.23,1160071,Trubin,KSE,EUR,"58.742,800","59.169,800"
623608,completed,20.03.22,1160071,Trubin,ERS,EUR,"11.097,900","11.213,900"
924965,cancelled,17.07.22,1160071,Trubin,KSE,EUR,"36.930,000","36.930,000"
595858,open,15.04.22,1160071,Trubin,ERS,EUR,"55.770,800","55.770,800"
556092,completed,05.03.22,6209069,Boucsein Stiftung & Co. KG,ERS,EUR,"4.120,000","4.120,000"
174861,completed,26.08.24,6209069,Boucsein Stiftung & Co. KG,ERS,EUR,"18.924,000","18.924,000"
775267,completed,20.12.21,6209069,Boucsein Stiftung & Co. KG,ERS,EUR,"13.556,500","13.556,500"
404111,completed,02.07.23,6209069,Boucsein Stiftung & Co. KG,ERS,EUR,"918,200","918,200"
415721,open,02.09.23,6209069,Boucsein Stiftung & Co. KG,ERS,EUR,"5.300,000","5.035,000"
272845,completed,28.01.24,6972663,Stoll,ERS,EUR,"235.588,600","235.588,600"
439312,completed,03.01.24,6972663,Stoll,ERS,EUR,"103.490,000","103.490,000"
371414,completed,27.02.22,6972663,Stoll,ERS,EUR,"87.830,000","87.830,000"
231320,completed,05.05.23,6972663,Stoll,ERS,EUR,"16.705,000","16.705,000"
874948,completed,20.10.23,6972663,Stoll,ERS,EUR,"15.170,000","15.170,000"
479772,completed,26.04.23,6972663,Stoll,ERS,EUR,"24.225,000","24.225,000"
132364,completed,10.08.23,6972663,Stoll,ERS,EUR,"9.600,000","9.600,000"
347211,open,29.10.21,6972663,Stoll,ERS,EUR,"93.720,000","93.720,000"
674337,completed,03.06.23,5021758,Juncken Hövel KG,ERS,USD,"16,000","16,000"
542757,invoiced,22.07.24,5115780,Barth GmbH,ERS,CNY,"20.665,800","20.665,800"
234352,completed,08.09.22,4055048,Staude,ERS,EUR,"7.290,000","7.290,000"
554423,completed,11.12.22,1595375,Klingelhöfer,ERS,EUR,"17.200,000","17.200,000"
658803,completed,13.09.22,2185420,Matthäi Putz AG,ERS,EUR,"692,000","692,000"
