part no.,material no.
00-288945,1000290000000
00-112480,1000390000000
00-611036,1000340000000
00-181360,1000430000000
00-875036,1000180000001
00-647950,1000380000000
00-601703,1000060000002
00-275576,1000400000000
00-627401,1000530000000
00-906646,1000140000001
00-955666,1000070000002
00-903232,1000320000002
00-945059,1000160000002
00-349722,1000200000002
00-324457,1000390000001
00-388287,1000130000000
00-192335,1000160000000
00-133143,1000320000000
00-313172,1000440000001
00-305780,1000270000000
00-712091,1000250000001
00-181734,1000140000000
00-806460,1000000000000
00-616134,1000100000002
00-268612,1000200000001
00-635374,1000300000000
00-882764,1000290000001
00-202424,1000350000000
00-698392,1000260000000
00-454115,1000200000003
00-586329,1000160000001
00-115656,1000220000000
00-635515,1000400000001
00-240894,1000280000000
00-724514,1000510000002
00-470915,1000110000000
00-759167,1000460000001
00-244730,1000010000000
00-247048,1000200000000
00-825095,1000370000002
00-771463,1000250000002
00-579315,1000130000002
00-914841,1000210000001
00-327027,1000370000000
00-549724,1000510000000
00-116466,1000080000000
00-925595,1000300000001
00-280043,1000100000000
00-575614,1000130000001
00-580470,1000120000000
00-414510,1000390000002
00-419287,1000460000000
00-380870,1000060000001
00-325863,1000070000000
00-533911,1000470000001
00-491131,1000020000000
00-455978,1000440000003
00-455459,1000370000001
00-135299,1000310000000
00-565485,1000080000001
00-659911,1000510000001
00-379251,1000440000002
00-430940,1000230000001
00-300501,1000060000000
00-813103,1000210000000
00-983126,1000060000003
00-245796,1000330000000
00-235626,1000360000000
00-914548,1000490000000
00-672259,1000390000003
00-457944,1000270000001
00-822438,1000260000001
00-428528,1000250000000
00-963581,1000300000002
00-919301,1000230000002
00-998621,1000160000003
00-883987,1000010000001
00-828066,1000190000000
00-169346,1000030000000
00-110783,1000050000000
00-894977,1000020000002
00-977203,1000460000002
00-357058,1000100000001
00-571118,1000240000000
00-545661,1000320000001
00-940081,1000070000001
00-411705,1000230000000
00-306345,1000440000000
00-298421,1000470000000
00-668773,1000180000000
00-859509,1000020000001
