routing no.,operation no.,operation text 1,operation text 2,reservation unit no.,operation type,setup minutes,operation minutes,base quantity,lead time days,material no.,material description,status
13823485615033,1010,SAW BAR AND PARTS,TEMPER AT 500 DEG C,3003,E,"10,2","7,0",1,"5,00",1001-5238,spacer pipe d20x2x100 mm,released
13823485615033,1020,TURN COMPLETE - BORE - DRILL,,3452,E,"42,0","31,0",1,"5,00",1001-5238,spacer pipe d20x2x100 mm,in process
13823485615033,1030,HARDEN TO HRC 58+/-2,TEMPER TWICE,3973,E,"7,5","0,0",1,"3,00",1001-5238,spacer pipe d20x2x100 mm,released
13823485615033,1040,DRILL AND TAP - DEBURR,,8019,E,"7,5","17,4",1,"2,00",1001-5238,spacer pipe d20x2x100 mm,released
13823485615033,1050,FINAL INSPECTION,MAT.: 1.2601,4103,E,"0,0","10,4",1,"0,00",1001-5238,spacer pipe d20x2x100 mm,released
12738478378798,1010,CUT OFF,TEMPER AT 500 DEG C,3003,E,"42,0","34,6",1,"0,00",1001-1975,spacer pipe d20x2x100 mm,released
12738478378798,1020,MILL CONTOUR NC,TEMPER AT 500 DEG C,1098,E,"7,5","32,2",1,"5,00",1001-1975,spacer pipe d20x2x100 mm,released
12738478378798,1030,STRESS RELIEVE,PART WAS IN USE!,2105,E,"10,2","36,6",1,"3,00",1001-1975,spacer pipe d20x2x100 mm,in process
12738478378798,1040,GRIND PROFILE,,9515,E,"7,5","0,0",1,"3,00",1001-1975,spacer pipe d20x2x100 mm,released
12738478378798,1050,MEASURE AND RECORD,TEMPER AT 500 DEG C,4103,E,"0,0","27,2",1,"2,00",1001-1975,spacer pipe d20x2x100 mm,released
11441132070935,1010,BOOK IN FROM PARTS STORE,,4391,E,"24,0","20,0",1,"5,00",1001-9926,spacer bushing d15/d10x20 mm,released
11441132070935,1020,TURN FIT WITH THREAD CENTRE,,3452,E,"24,0","264,0",10,"8,00",1001-9926,spacer bushing d15/d10x20 mm,released
11441132070935,1030,CASE HARDEN TO HRC 60+/-2,ATTENTION! KEEP GROOVE SOFT,3702,E,"6,0","30,4",1,"2,00",1001-9926,spacer bushing d15/d10x20 mm,released
11441132070935,1040,DRILL AND TAP - DEBURR,,8019,E,"42,0","35,0",1,"4,00",1001-9926,spacer bushing d15/d10x20 mm,released
11969273976815,1010,SAW TO LENGTH,MAT.: 1.2601,3003,E,"0,0","6,2",1,"2,00",1001-1808,scale 0-100 mm,released
11969273976815,1020,TURN MILL PROGRAM Z-440,ATTENTION! KEEP GROOVE SOFT,7581,E,"42,0","34,8",1,"5,00",1001-1808,scale 0-100 mm,released
11969273976815,1030,GRIND FLAT BOTH SIDES,,3649,E,"0,0","10,0",1,"4,00",1001-1808,scale 0-100 mm,released
11969273976815,1040,MEASURE AND RECORD,,4103,E,"0,0","10,8",1,"4,00",1001-1808,scale 0-100 mm,in process
13597537722740,1010,SAW TO LENGTH,,3003,E,"0,0","0,0",1,"0,00",1001-8885,scale 0-100 mm,released
13597537722740,1020,TURN TAPER BORE,,3452,E,"0,0","0,0",1,"0,00",1001-8885,scale 0-100 mm,released
13597537722740,1030,TENIFER QPQ AND POLISH,,1433,A,"42,0","0,0",1,"5,00",1001-8885,scale 0-100 mm,released
13597537722740,1040,GRIND PROFILE TO GAUGE,,9515,E,"6,0","41,6",1,"2,00",1001-8885,scale 0-100 mm,released
13597537722740,1050,MEASURE AND RECORD,,4103,E,"0,0","41,8",1,"5,00",1001-8885,scale 0-100 mm,released
11967728746987,1010,MACHINING CENTRE PROGRAM E 565,,1098,E,"7,5","33,0",1,"8,00",,,released
11967728746987,1020,EDM STARTING HOLE,TEMPER AT 500 DEG C,3117,E,"7,5","19,0",1,"8,00",,,released
11967728746987,1030,HARDEN HRC 45+/-2,,3973,E,"0,0","314,0",10,"5,00",,,released
11967728746987,1040,PAINT,PART WAS IN USE!,5912,E,"42,0","377,0",10,"0,00",,,released
12807084896288,1010,SAW BAR AND PARTS,MAT.: 1.2601,3003,E,"7,5","8,2",1,"4,00",,,released
12807084896288,1020,BEND AND WELD BRACKET,,4955,E,"6,0","25,2",1,"4,00",,,released
12807084896288,1030,DEBURR BORE AND CHAMFER,TEMPER TWICE,8019,E,"0,0","26,6",1,"2,00",,,released
12807084896288,1040,PRIME AND PAINT,PART WAS IN USE!,5912,E,"0,0","44,4",1,"4,00",,,released
12807084896288,1050,INSPECT,,4103,E,"0,0","30,4",1,"8,00",,,in process
12708503936483,1010,TURN FIT WITH THREAD CENTRE,MAT.: 1.2601,3452,E,"6,0","38,6",1,"8,00",1001-6384,resistor 100 ohm 25w,released
12708503936483,1020,TENIFER QPQ AND POLISH,,1433,A,"0,0","35,8",1,"8,00",1001-6384,resistor 100 ohm 25w,released
12708503936483,1030,GRIND PROFILE TO GAUGE,,9515,E,"0,0","36,4",1,"3,00",1001-6384,resistor 100 ohm 25w,released
12708503936483,1040,DEBURR BORE AND CHAMFER,,8019,E,"0,0","34,6",1,"5,00",1001-6384,resistor 100 ohm 25w,released
13369861764783,1010,SAW TO LENGTH,,3003,E,"10,2","14,0",1,"4,00",,,released
13369861764783,1020,MILL POCKET AND BORE,TEMPER TWICE,1098,E,"24,0","24,0",1,"0,00",,,released
13369861764783,1030,CASE HARDEN TO HRC 60+/-2,TEMPER AT 500 DEG C,3702,E,"10,2","344,0",100,"2,00",,,released
13369861764783,1040,GRIND PROFILE TO GAUGE,,9515,E,"24,0","34,6",1,"5,00",,,in process
13369861764783,1050,MEASURE AND RECORD,TEMPER TWICE,4103,E,"0,0","35,2",1,"3,00",,,released
11775980370623,1010,PROVIDE PARTS FROM STORE,,4391,E,"6,0","31,2",1,"5,00",,,released
11775980370623,1020,GRIND FLAT TO THICKNESS,,3649,E,"42,0","23,6",1,"2,00",,,released
11775980370623,1030,DEBURR GROOVE - MARK,,8019,E,"6,0","12,2",1,"0,00",,,released
13573306201963,1010,SAW TO LENGTH,,3003,E,"42,0","12,4",1,"0,00",1001-8101,motor cover d140 mm,released
13573306201963,1020,TURN TAPER BORE,,3452,E,"42,0","23,2",1,"2,00",1001-8101,motor cover d140 mm,released
13573306201963,1030,ANNEAL AT 800 DEG C,,2105,E,"0,0","3,6",1,"3,00",1001-8101,motor cover d140 mm,in process
13573306201963,1040,HARDEN HRC 62+/-2,,3973,E,"42,0","26,0",1,"5,00",1001-8101,motor cover d140 mm,released
13573306201963,1050,FINAL INSPECTION,ATTENTION! KEEP GROOVE SOFT,4103,E,"0,0","9,8",1,"4,00",1001-8101,motor cover d140 mm,released
11229287925945,1010,MILL CONTOUR NC,PART WAS IN USE!,1098,E,"42,0","7,2",1,"0,00",,,released
11229287925945,1020,GRIND FLAT TO THICKNESS,,3649,E,"10,2","19,0",1,"0,00",,,released
11229287925945,1030,DRILL AND TAP - DEBURR,,8019,E,"10,2","30,2",1,"2,00",,,released
11229287925945,1040,INSPECT,PART WAS IN USE!,4103,E,"6,0","8,0",1,"0,00",,,in process
12889352129019,1010,SAW BAR AND PARTS,,3003,E,"6,0","38,2",1,"2,00",1001-3812,adjustment strip 200 mm,released
12889352129019,1020,TURN MILL PROGRAM Z-440,PART WAS IN USE!,7581,E,"10,2","29,2",1,"3,00",1001-3812,adjustment strip 200 mm,released
12889352129019,1030,TENIFER QPQ AND POLISH,,1433,A,"42,0","10,8",1,"3,00",1001-3812,adjustment strip 200 mm,in process
12889352129019,1040,PAINT,ATTENTION! KEEP GROOVE SOFT,5912,E,"24,0","8,0",1,"0,00",1001-3812,adjustment strip 200 mm,released
11687035366079,1010,TURN TAPER BORE,TEMPER TWICE,3452,E,"24,0","39,4",1,"5,00",1001-5359,guide profile 30x30 mm,released
11687035366079,1020,EDM STARTING HOLE,TEMPER AT 500 DEG C,3117,E,"0,0","298,0",100,"2,00",1001-5359,guide profile 30x30 mm,released
11687035366079,1030,HARDEN HRC 62+/-2,MAT.: 1.2601,3973,E,"10,2","33,8",1,"4,00",1001-5359,guide profile 30x30 mm,released
11687035366079,1040,DRILL AND TAP - DEBURR,TEMPER AT 500 DEG C,8019,E,"10,2","36,4",1,"4,00",1001-5359,guide profile 30x30 mm,released
11687035366079,1050,FINAL INSPECTION,,4103,E,"6,0","0,0",1,"5,00",1001-5359,guide profile 30x30 mm,released
13618187028863,1010,SAW BAR AND PARTS,MAT.: 1.2601,3003,E,"7,5","0,0",1,"8,00",,,released
13618187028863,1020,SHEET METAL WORK,PART WAS IN USE!,4955,E,"42,0","16,6",1,"3,00",,,released
13618187028863,1030,PRIME AND PAINT,,5912,E,"0,0","17,2",1,"0,00",,,released
12599392396826,1010,MILL POCKET AND BORE,,1098,E,"6,0","9,4",1,"8,00",1001-5314,pliers segment 45 deg,released
12599392396826,1020,TURN TAPER BORE,MAT.: 1.2601,3452,E,"6,0","16,2",1,"0,00",1001-5314,pliers segment 45 deg,released
12599392396826,1030,CASE HARDEN IN C3 BATH,,3702,E,"7,5","31,6",1,"4,00",1001-5314,pliers segment 45 deg,released
12599392396826,1040,GRIND PROFILE,,9515,E,"24,0","28,2",1,"2,00",1001-5314,pliers segment 45 deg,in process
12599392396826,1050,DEBURR GROOVE - MARK,,8019,E,"6,0","23,8",1,"4,00",1001-5314,pliers segment 45 deg,released
12599392396826,1060,FINAL INSPECTION,,4103,E,"6,0","6,8",1,"4,00",1001-5314,pliers segment 45 deg,released
11880929374328,1010,BOOK IN FROM PARTS STORE,,4391,E,"0,0","18,6",1,"3,00",1001-6275,cylinder complete d32x50 mm,released
11880929374328,1020,SECONDARY HARDEN TO 60 +/-2,,3973,E,"10,2","29,4",1,"5,00",1001-6275,cylinder complete d32x50 mm,released
11880929374328,1030,DRILL AND TAP - DEBURR,TEMPER AT 500 DEG C,8019,E,"42,0","27,4",1,"3,00",1001-6275,cylinder complete d32x50 mm,locked
12396088363337,1010,TURN COMPLETE - BORE - DRILL,PART WAS IN USE!,3452,E,"0,0","20,4",1,"5,00",1001-3107,spacer bushing d15/d10x20 mm,released
12396088363337,1020,GRIND FLAT BOTH SIDES,ATTENTION! KEEP GROOVE SOFT,3649,E,"10,2","8,8",1,"5,00",1001-3107,spacer bushing d15/d10x20 mm,released
12396088363337,1030,GRIND PROFILE TO GAUGE,MAT.: 1.2601,9515,E,"6,0","35,6",1,"0,00",1001-3107,spacer bushing d15/d10x20 mm,released
12396088363337,1040,INSPECT,,4103,E,"42,0","24,8",1,"0,00",1001-3107,spacer bushing d15/d10x20 mm,released
13131705467375,1010,SAW BAR AND PARTS,MAT.: 1.2601,3003,E,"0,0","30,8",1,"5,00",1001-3394,dog 20x10 mm,released
13131705467375,1020,MILL CONTOUR NC,,1098,E,"42,0","44,6",1,"0,00",1001-3394,dog 20x10 mm,locked
13131705467375,1030,EDM STARTING HOLE,,3117,E,"42,0","16,8",1,"3,00",1001-3394,dog 20x10 mm,released
13131705467375,1040,HARDEN HRC 62+/-2,,3973,E,"0,0","4,6",1,"2,00",1001-3394,dog 20x10 mm,released
13131705467375,1050,PAINT,MAT.: 1.2601,5912,E,"7,5","17,2",1,"0,00",1001-3394,dog 20x10 mm,locked
13131705467375,1060,FINAL INSPECTION,,4103,E,"42,0","19,4",1,"5,00",1001-3394,dog 20x10 mm,locked
12131672195989,1010,PROVIDE PARTS FROM STORE,,4391,E,"6,0","38,4",1,"5,00",,,released
12131672195989,1020,TURN COMPLETE - BORE - DRILL,,3452,E,"0,0","30,4",1,"2,00",,,locked
12131672195989,1030,DEBURR GROOVE - MARK,,8019,E,"6,0","27,2",1,"5,00",,,released
12131672195989,1040,MEASURE AND RECORD,MAT.: 1.2601,4103,E,"24,0","469,0",100,"0,00",,,released
11656770325466,1010,CUT OFF,,3003,E,"24,0","39,4",1,"5,00",1001-9172,cylinder complete d32x50 mm,released
11656770325466,1020,STRESS RELIEVE,MAT.: 1.2601,2105,E,"10,2","38,6",1,"0,00",1001-9172,cylinder complete d32x50 mm,released
11656770325466,1030,SECONDARY HARDEN TO 60 +/-2,,3973,E,"10,2","14,8",1,"8,00",1001-9172,cylinder complete d32x50 mm,released
11656770325466,1040,GRIND PROFILE TO GAUGE,,9515,E,"0,0","0,0",1,"0,00",1001-9172,cylinder complete d32x50 mm,released
11175651424176,1010,MILL CONTOUR NC,TEMPER AT 500 DEG C,1098,E,"0,0","36,6",1,"3,00",,,released
11175651424176,1020,TURN MILL PROGRAM Z-440,ATTENTION! KEEP GROOVE SOFT,7581,E,"42,0","22,8",1,"8,00",,,released
11175651424176,1030,GRIND FLAT TO THICKNESS,,3649,E,"42,0","33,0",1,"2,00",,,released
11175651424176,1040,DRILL AND TAP - DEBURR,,8019,E,"6,0","8,8",1,"8,00",,,released
11175651424176,1050,FINAL INSPECTION,,4103,E,"0,0","27,4",1,"4,00",,,released
12502854961892,1010,SAW TO LENGTH,MAT.: 1.2601,3003,E,"0,0","26,0",1,"4,00",1001-6551,spacer bushing d15/d10x20 mm,released
12502854961892,1020,TENIFER QPQ AND POLISH,TEMPER TWICE,1433,A,"24,0","29,2",1,"8,00",1001-6551,spacer bushing d15/d10x20 mm,released
12502854961892,1030,GRIND FLAT BOTH SIDES,TEMPER TWICE,3649,E,"42,0","27,6",1,"5,00",1001-6551,spacer bushing d15/d10x20 mm,released
