bom no.,bom description,item no.,component no.,component description,component quantity,length,bom unit
1002-2678,axial ball bearing d20/d35x10 mm,1,1001-6361,swivel housing 150x150 mm,8,"17873,24",MM
1002-2678,axial ball bearing d20/d35x10 mm,2,3000-3489,divider disc d80 mm,30,"15622,28",PCS
1002-2678,axial ball bearing d20/d35x10 mm,3,3000-1348,driver slide 50 mm,30,"22174,76",PCS
1002-2678,axial ball bearing d20/d35x10 mm,4,3000-0369,angle mounting 100x100 mm,26,"4712,37",PCS
1002-3713,transport lever 200 mm,2000,3000-0728,deflection wheel d100 mm,21,"17766,53",MM
1002-3713,transport lever 200 mm,2005,3000-3398,axial groove 5 mm,30,"12314,45",PCS
1002-3713,transport lever 200 mm,2010,3000-2858,strap piece 100 mm,14,"2942,43",MM
1002-3713,transport lever 200 mm,2015,1002-1050,protective shell d80 mm,5,"652,76",PCS
1002-4593,hand nut m10,2000,3000-0636,hydraulic knife 200 mm,19,"8259,85",PCS
1002-4593,hand nut m10,2005,3000-0083,cam disk d120 mm,13,"16711,06",PCS
1002-4593,hand nut m10,2010,3000-0675,change table 400x300 mm,2,"14662,51",PCS
1002-4593,hand nut m10,2015,3000-0220,wire feed unit 0.8-1.2 mm,32,"4910,10",PCS
1002-4901,pneumatic block 4-valves,1,3000-1629,milling cutter d10 mm,18,"926,24",PCS
1002-4901,pneumatic block 4-valves,2,3000-3714,distributor block 6-port,29,"19150,20",PCS
1002-4901,pneumatic block 4-valves,3,3000-3860,vacuum probe 50 mm,17,"9419,49",PCS
1002-4901,pneumatic block 4-valves,4,3000-3783,sealing disc d25x1.5 mm,22,"21438,54",M
1002-4901,pneumatic block 4-valves,5,3000-3715,measuring probe +-1 mm,31,"9555,28",M
1002-5256,effect 100%,2000,3000-0959,locking pin d8x30 mm,12,"14693,59",PCS
1002-5256,effect 100%,2005,1002-5678,connecting carrier 200 mm,9,"16756,68",PCS
1002-5256,effect 100%,2010,3000-3439,barrier 1000 mm,19,"447,21",PCS
1002-5256,effect 100%,2015,3000-1131,needle bushing d12/d8x10 mm,2,"10176,07",PCS
1002-5256,effect 100%,2020,3000-2204,motor drive 0.75 kw,15,"3987,59",PCS
1002-5924,shaft adjustment 0-20 mm,3,3000-7196,head d50 mm,20,"14885,99",PCS
1002-5924,shaft adjustment 0-20 mm,4,3000-7037,vacuum piece 30 mm,7,"489,01",PCS
1002-5924,shaft adjustment 0-20 mm,5,3000-7012,compensating ring d40x2 mm,29,"4632,70",PCS
1002-5924,shaft adjustment 0-20 mm,7,3000-7121,reagent 500 ml,31,"14863,92",PCS
1002-5924,shaft adjustment 0-20 mm,8,3000-7197,tact cylinder d32x40 mm,32,"20162,05",PCS
1002-5924,shaft adjustment 0-20 mm,9,3000-7304,pump distributor 3-way,17,"11280,01",PCS
1002-5924,shaft adjustment 0-20 mm,10,3000-1424,element 50x50 mm,4,"5768,78",PCS
1002-5924,shaft adjustment 0-20 mm,12,1001-5529,cam segment 45 deg,26,"10839,56",PCS
1002-5924,shaft adjustment 0-20 mm,13,3000-7241,terminal block 12-pole,26,"6779,64",PCS
1002-5924,shaft adjustment 0-20 mm,14,3000-7121,reagent 500 ml,19,"17107,03",PCS
1002-5924,shaft adjustment 0-20 mm,18,1001-0399,brake complete 24v 10nm,28,"15769,98",PCS
1002-6004,main switch 63a 3-pole,5,1003-0230,transformer 400v/230vac 500va,9,"14161,47",PCS
1002-6004,main switch 63a 3-pole,8,3001-4996,welding pin d8x30 mm,12,"7046,87",PCS
1002-6004,main switch 63a 3-pole,11,3000-7333,freewheel ring d40 mm,9,"9323,55",PCS
1002-6004,main switch 63a 3-pole,12,3000-9882,segment pin d8x30 mm,27,"14625,30",PCS
1002-6004,main switch 63a 3-pole,13,1002-4815,slide rod d10x200 mm,6,"20000,26",PCS
1002-6004,main switch 63a 3-pole,15,3000-1939,driver piece 35 mm,32,"21252,67",M
1002-6004,main switch 63a 3-pole,16,1001-6845,journal holder d30 mm,10,"11524,07",PCS
1002-6004,main switch 63a 3-pole,20,1003-0231,screw flange d80 mm,8,"15806,09",PCS
1002-6004,main switch 63a 3-pole,21,3000-5068,solenoid valve 3/2-way g1/8 24vdc,7,"20056,19",MM
1002-6004,main switch 63a 3-pole,42,1003-0229,axial needle roller and cage assembly d15/d28x2 mm,2,"6485,65",PCS
1002-6004,main switch 63a 3-pole,45,1001-9506,switch rod d10x300 mm,31,"17132,60",PCS
1002-6004,main switch 63a 3-pole,46,3000-2698,die ring d60 mm,13,"18410,76",MM
1002-6004,main switch 63a 3-pole,47,3000-3853,cutter d10 mm,32,"2921,04",PCS
1002-6004,main switch 63a 3-pole,50,1000-9566,lifting platform 500 kg,19,"10123,76",MM
1002-6004,main switch 63a 3-pole,51,3000-2698,die ring d60 mm,25,"982,23",PCS
1002-6004,main switch 63a 3-pole,52,3000-3853,cutter d10 mm,32,"19753,85",PCS
1002-6004,main switch 63a 3-pole,60,1002-8970,cable plug 4-pole m12,9,"7977,70",PCS
1002-6004,main switch 63a 3-pole,61,3001-4520,drive shaft complete d30x600 mm,18,"12754,71",PCS
1002-6004,main switch 63a 3-pole,62,3001-4975,rod drive 100 n,16,"10221,40",PCS
1002-8593,contact finger 30 mm,1,3000-1730,lock lever 100 mm,22,"18931,53",PCS
1002-8593,contact finger 30 mm,2,1002-5681,segment head d50 mm,4,"10059,76",PCS
1002-8593,contact finger 30 mm,3,3000-3312,drum head d300 mm,11,"20296,93",PCS
1002-8593,contact finger 30 mm,5,1001-7930,tension rail 400 mm,5,"2084,27",PCS
1003-1476,punch block 100x60 mm,5,5000-0538,lifting spindle tr18x4x300 mm,17,"5468,54",PCS
1003-1476,punch block 100x60 mm,10,3000-9125,tension ring d45 mm,1,"8007,38",PCS
1003-1476,punch block 100x60 mm,15,3001-1631,slide 100 mm,16,"1061,97",PCS
1003-1476,punch block 100x60 mm,20,3001-0317,adjustment ring d40 mm,8,"4508,43",PCS
1003-1476,punch block 100x60 mm,25,3001-0347,flow meter 1-10 l/min,14,"14881,11",PCS
1003-1476,punch block 100x60 mm,30,3000-9074,ball pin m8xd12,22,"2502,18",PCS
1003-1476,punch block 100x60 mm,35,3001-0086,wire straightening rollers complete d20 mm,13,"11685,40",PCS
1003-1476,punch block 100x60 mm,40,3000-9177,round ring d50x5 mm,20,"20029,58",PCS
1003-3214,sealing tape 10x2 mm 10m,1,1003-3206,press roller d60x40 mm,30,"20327,50",MM
1003-3214,sealing tape 10x2 mm 10m,2,1003-3187,switch disc d60 mm,3,"23735,33",PCS
1003-3214,sealing tape 10x2 mm 10m,3,1003-3193,mounting kit m8,1,"11708,19",PCS
1003-3214,sealing tape 10x2 mm 10m,4,1003-3199,handgrip 100 mm,14,"3968,87",PCS
1003-4742,vacuum piece 30 mm,1,1002-1284,punch block 100x60 mm,4,"5467,21",PCS
1003-4742,vacuum piece 30 mm,2,1003-4802,punch block 100x60 mm,24,"19267,55",MM
1003-4742,vacuum piece 30 mm,3,1003-3650,joint bushing d14/d10x15 mm,9,"1446,41",PCS
1003-4742,vacuum piece 30 mm,101,3000-4963,deflection bracket 80x80 mm,30,"4285,22",PCS
1003-4742,vacuum piece 30 mm,102,3000-4929,bearing suspension m12,4,"7996,74",PCS
1003-4742,vacuum piece 30 mm,201,3000-2314,change knife 100 mm,20,"11932,53",PCS
1003-4742,vacuum piece 30 mm,202,3000-2823,slide over 50 mm,28,"12556,55",PCS
1003-4742,vacuum piece 30 mm,203,3000-2908,slide insert 50x30 mm,21,"6671,95",PCS
1003-4742,vacuum piece 30 mm,204,3000-3593,clamping piece 40 mm,6,"20809,16",PCS
1003-4742,vacuum piece 30 mm,205,3000-3612,support block 120x100 mm,13,"13617,54",PCS
1003-4742,vacuum piece 30 mm,206,3000-2499,mounting block 80x50 mm,5,"460,89",PCS
1003-4910,adjustment plate 100x60 mm,1,1003-4904,eccentric spindle tr14x3 e=2 mm,20,"243,39",PCS
1003-4910,adjustment plate 100x60 mm,2,1003-4905,pliers unit pneumatic,8,"10559,36",PCS
1003-4910,adjustment plate 100x60 mm,200,3000-2083,cylinder guard 200x100 mm,12,"7181,64",PCS
1003-4910,adjustment plate 100x60 mm,201,3000-3516,feed rod d12x250 mm,29,"19640,81",PCS
1004-9102,support block 100x80 mm,10,3000-0330,fan grille d120 mm,22,"16442,07",PCS
1004-9102,support block 100x80 mm,15,3000-0330,fan grille d120 mm,3,"8799,24",PCS
1004-9102,support block 100x80 mm,20,3000-0550,brake disc d180x4 mm,19,"1727,73",PCS
1004-9102,support block 100x80 mm,25,3000-0550,brake disc d180x4 mm,29,"9584,19",MM
5000-1123,bumper d40x30 mm,5,3001-2283,piston rod nut m16x1.5,11,"4371,11",PCS
5000-1123,bumper d40x30 mm,20,3000-9184,lever unit 24v,20,"6886,03",PCS
5000-1123,bumper d40x30 mm,25,3001-2246,press tool 10 kN,22,"8651,74",PCS
5000-1123,bumper d40x30 mm,35,3001-2805,door 600x800 mm,4,"17385,69",PCS
5000-1123,bumper d40x30 mm,40,3001-2814,door 600x800 mm,17,"8972,67",PCS
5000-1123,bumper d40x30 mm,45,3000-9323,connecting bushing d20/d12x20 mm,17,"12889,31",PCS
5000-1123,bumper d40x30 mm,50,3001-2266,bearing pin d12x40 mm,26,"8773,68",PCS
5000-1123,bumper d40x30 mm,55,3001-2720,suction cup d40 mm,1,"10325,25",PCS
5000-1123,bumper d40x30 mm,60,3000-9459,cylinder bolt d10x40 mm,11,"4048,13",PCS
5000-1123,bumper d40x30 mm,75,3000-9324,spacer bushing complete d15/d10x20 mm,7,"17107,85",PCS
5000-1123,bumper d40x30 mm,80,3001-2914,ram plate 250x200 mm,26,"14957,49",MM
