part no.;material no.;material description
1000-0035;2549908510000;M-1000-0035 HALTER
1000-0307;2550122090000;M-1000-0307 PLATTE
1000-0475;2548389010000;T-1000-0475 DISTANZSCHEIBE
1000-0918;2549239170000;T-1000-0918 SCHUTZBLECH
1000-1391;2550124890000;M-1000-1391 PLATTE
1000-1476;2550652480000;M-1000-1476 DISTANZHUELSE
1000-1477;2550652560000;M-1000-1477 PLAETTCHEN
1000-1951;2550126400000;M-1000-1951 PLATTE
1000-3042;2550660070000;M-1000-3042 FUEHRUNGSSAEULE
1000-3332;2548247140000;T-1000-3332 BEFESTIGUNGSWINKEL
1000-4429;2548121800000;T-1000-4429 ADAPTERRING
1000-4615;2550305090000;M-1000-4615 ROLLE
1000-4836;2550665970000;M-1000-4836 TÜR VORNE
1000-5735;2549023590000;T-1000-5735 LEISTE
1000-5891;2549451120000;T-1000-5891 STÜTZFINGER 2 UNTEN
1000-6069;2550672320000;M-1000-6069 ZUGHAKEN
1000-6107;2548313700000;T-1000-6107 DECKEL UNTEN
1000-6694;2550139810000;M-1000-6694 PLATTE
1000-7129;2548973390000;T-1000-7129 KUPPLUNGSHUELSE 1
1000-7665;2550141980000;M-1000-7665 PLATTE
1000-8038;2548423130000;T-1000-8038 DRAHTKLEMMEINSATZ
1000-9199;2549877100000;M-1000-9199 FLANGE
1000-9236;2550434140000;M-1000-9236 WELLE
1000-9323;2550076710000;M-1000-9323 LEISTE
1000-9566;2550574660000;M-1000-9566 TRICHTER
1000-9846;2550434900000;M-1000-9846 WELLE
1001-0399;2550047960000;M-1001-0399 LAGER
1001-1137;2549060100000;T-1001-1137 MITNEHMER
1001-1267;2550369650000;M-1001-1267 SCHRAUBE
1001-1419;2550009790000;M-1001-1419 HEBEL
1001-2141;2550162390000;M-1001-2141 PLATTE
1001-2192;2550479320000;M-1001-2192 WINKEL
1001-2226;2550709340000;M-1001-2226 HUELSE
1001-2783;2550328380000;M-1001-2783 SCHEIBE
1001-2951;2549200470000;T-1001-2951 SCHEIBE
1001-3119;2550167600000;M-1001-3119 PLATTE
1001-3318;2550350980000;M-1001-3318 SCHIEBER
1001-4202;2550255480000;M-1001-4202 RING
1001-4389;2549608800000;"T-1001-4389 WINKEL;VOLLST."
1001-4475;2550049660000;M-1001-4475 LAGER
1001-5529;2550734700000;M-1001-5529 SPERRTOR
1001-6215;2549769300000;M-1001-6215 BLECH
1001-6361;2550379020000;M-1001-6361 SPINDEL
1001-6748;2549357450000;T-1001-6748 STATORAUFNAHME, VOLL
1001-6785;2549582650000;T-1001-6785 WICKELSCHABLONE OBEN
1001-6845;2550287500000;M-1001-6845 ROHR
1001-7079;2548786010000;T-1001-7079 GREIFER
1001-7102;2549090780000;T-1001-7102 NIEDERHALTEBLECH
1001-7184;2548995100000;T-1001-7184 LAMELLE 4 HUB= 7 T
1001-7655;2548215960000;T-1001-7655 AUSRICHTSTERN
1001-7688;2550184010000;M-1001-7688 PLATTE
1001-7692;2550742710000;M-1001-7692 VERTIKALINDEXIERUNG
1001-7930;2548712910000;T-1001-7930 FUEHRUNGSSTUECK
1001-8555;2549965230000;M-1001-8555 HALTER
1001-8880;2550614630000;M-1001-8880 TRST
1001-8985;2549286090000;T-1001-8985 SPINDEL
1001-9157;2550041840000;M-1001-9157 KUPLU
1001-9183;3051441700000;T-1001-9183 DISTANZBUCHSE
1001-9429;2550400590000;M-1001-9429 STANGE
1001-9506;2550745490000;M-1001-9506 ABSTÜTZUNG
1001-9508;2549545530000;T-1001-9508 WELLE
1001-9527;2548294220000;T-1001-9527 BUCHSE
1002-0061;2548415200000;T-1002-0061 DRAHTFUEHRUNG,VOLLST
1002-0239;3051445610000;T-1002-0239 EINSCHIEßSTEMPEL
1002-0702;3051447580000;T-1002-0702 STERNAUFSATZ
1002-0855;3051448630000;T-1002-0855 LAMELLENHALTER
1002-0993;2548179630000;T-1002-0993 AUFNAHME
1002-1041;2549501750000;T-1002-1041 TELLER
1002-1050;2550747780000;M-1002-1050 BUECHSE
1002-1284;2550492930000;M-1002-1284 WINKEL
1002-1676;3051452740000;T-1002-1676 KONUS
1002-2180;2550262340000;M-1002-2180 RING
1002-2605;2549395380000;T-1002-2605 STÖßEL
1002-2678;2550751460000;M-1002-2678 TRAPEZGEW. EINHEIT, VOLLST.
1002-3512;2548612880000;T-1002-3512 FINGER 2
1002-3664;2548736180000;T-1002-3664 FÜHRUNGSLEISTE
1002-3713;2550753080000;M-1002-3713 POLYGONHUELSE,VOLLST.
1002-3860;2549645910000;T-1002-3860 ZENTRIERRING
1002-3954;3051461300000;T-1002-3954 STÖSSEL VORN  A=48,5
1002-4095;2550753590000;M-1002-4095 ABSTANDSBLOCK
1002-4164;2549151670000;T-1002-4164 PRÄGESTEMPEL
1002-4171;2550401990000;M-1002-4171 STANGE
1002-4215;2550753670000;M-1002-4215 MITTELSTUECK (NACHARBEIT)
1002-4231;2550753910000;M-1002-4231 LAENG.MASZST.(SKALA)
1002-4409;2549271810000;T-1002-4409 SEGMENTNADEL, VOLLST
1002-4563;2550587800000;M-1002-4563 RAD
1002-4593;3051464160000;T-1002-4593 DRUCKGLOCKE
1002-4734;2548709700000;T-1002-4734 FUEHRUNGSBLECH
1002-4792;2549264010000;T-1002-4792 SEGMENTNADEL LINKS V
1002-4815;2550755880000;M-1002-4815 VERSCHRAUBUNG, VOLLST.
1002-4824;2550756000000;M-1002-4824 KABELKANAL
1002-4901;2548637870000;T-1002-4901 FLYERKOERPER, VOLLST
1002-4909;2548414300000;T-1002-4909 DRAHTFUEHRUNG
1002-5039;2550916210000;M-1002-5039 SAULE
1002-5256;2549267110000;T-1002-5256 SEGMENTNADEL RECHTS
1002-5609;2550762580000;M-1002-5609 GUSSKONSOLE
1002-5672;2549261180000;T-1002-5672 SEGMENTNADEL 0,25X29
1002-5678;2549261260000;T-1002-5678 SEGMENTNADEL 0,25X29
1002-5681;2549262150000;T-1002-5681 SEGMENTNADEL 3,00X 1
1002-5924;2550766490000;M-1002-5924 GELÄNDER-TEILE
1002-5994;2549773670000;M-1002-5994 BLECH
1002-6004;2550540250000;M-1002-6004 LAUF
1002-6116;2550769590000;M-1002-6116 VERLEGEKOPF
1002-6443;2550905100000;M-1002-6443 WAGEN
1002-6725;2550777850000;M-1002-6725 GLUEHDRAHT
1002-7910;2548248890000;T-1002-7910 BELADEDORN
1002-8593;2548556790000;T-1002-8593 EINZIEHNADEL,VOLLST.
1002-8970;2554317670000;M-1002-8970 HINWEIS:
1002-9077;2548441200000;T-1002-9077 DRUCKRINGFLANSCH OBE
1002-9098;2549122810000;T-1002-9098 PAPIERFÜHRUNG, VOLLS
1002-9425;2548268060000;T-1002-9425 BIEGESTEMPEL
1002-9465;2550364930000;M-1002-9465 SCHLITTEN
1002-9477;2548950340000;T-1002-9477 KONUS
1002-9601;2549179250000;T-1002-9601 ROLLENLEISTE LINKS
1002-9693;2549104400000;T-1002-9693 PALETTENSCHEIBE
1002-9823;2550496410000;M-1002-9823 WINKEL
1002-9827;2550099760000;M-1002-9827 LEISTE
1002-9967;2549975110000;M-1002-9967 HALTER
1003-0161;2550793540000;M-1003-0161 DRUCKPLATTE VOLLST.
1003-0182;2550576870000;M-1003-0182 BREMSE
1003-0229;2549975540000;M-1003-0229 HALTER
1003-0230;2550575040000;M-1003-0230 TRICHTER
1003-0231;2549975620000;M-1003-0231 HALTER
1003-0296;2550313430000;M-1003-0296 ROLLE
1003-0573;2549411680000;T-1003-0573 STÖßEL VORN MITTE
1003-0690;2549835530000;M-1003-0690 ANSCHLAG
1003-0831;2548112720000;T-1003-0831 ABSTÜTZLEISTE
1003-1011;2548849110000;T-1003-1011 HALTER AUßEN RECHTS
1003-1020;2549656440000;T-1003-1020 ZUBEHÖR/AUSR. ZFM-2R
1003-1199;2550602460000;M-1003-1199 RITZEL
1003-1288;2549820930000;M-1003-1288 BOLZEN
1003-1476;2550811380000;M-1003-1476 LÄNGENZIEHVORRICHTUNG
1003-1528;2550499780000;M-1003-1528 WINKEL
1003-1545;2548723870000;T-1003-1545 FÜHRUNGSBLECH
1003-1660;2550197850000;M-1003-1660 PLATTE
1003-2002;2550300610000;M-1003-2002 ROHR
1003-2596;2548305440000;T-1003-2596 DECKEL
1003-2743;2548440300000;T-1003-2743 DRUCKRING OBEN
1003-2890;2549411760000;T-1003-2890 STÖßEL VORN MITTE
1003-3147;2548483700000;T-1003-3147 EINSCHIEßSTEMPEL
1003-3187;2548367980000;T-1003-3187 DISTANZARRETIERUNG U
1003-3193;2548367800000;T-1003-3193 DISTANZARRETIERUNG O
1003-3199;2548885260000;T-1003-3199 INDEXARRETIERUNG OBE
1003-3206;2548381890000;T-1003-3206 DISTANZRING PH100
1003-3214;2548381970000;T-1003-3214 DISTANZRING PH100 VO
1003-3535;2550824440000;M-1003-3535 TÜR LINKS
1003-3650;2550201040000;M-1003-3650 PLATTE
1003-3703;2550826730000;M-1003-3703 FUELLER            1030-04 E
1003-4085;2550236340000;M-1003-4085 PROFIL
1003-4120;2549300690000;T-1003-4120 SPULENHALTEROHR
1003-4126;2549322400000;T-1003-4126 SPULENÜBERTRAGUNGSZA
1003-4742;2549677100000;M-1003-4742 KETTE
1003-4752;2550833860000;M-1003-4752 BE-/ENTLADELIFT
1003-4802;2550503130000;M-1003-4802 WINKEL
1003-4809;2550301000000;M-1003-4809 ROHR
1003-4904;2548256800000;T-1003-4904 BIEGEMATRIZE
1003-4905;2549228640000;T-1003-4905 SCHNEIDLEISTE
1003-4910;2548264580000;T-1003-4910 BIEGEMATRIZE VOLLST.
1003-4946;2549521350000;T-1003-4946 UMLENKBOLZEN
1003-5025;2548922640000;T-1003-5025 KLEMMEINHEIT, VOLLST
1003-5104;2548743800000;T-1003-5104 FÜHRUNGSPLATTE, LINK
1003-5267;3041285890000;M-1003-5267 LINEARGREIFER (ROLLIEREN ZU
1003-5605;2548922800000;T-1003-5605 KLEMMEINHEIT, VOLLST
1003-5923;2548962430000;T-1003-5923 KRAGENSTÜTZEN VOLLST
1003-5932;2548957190000;T-1003-5932 KRAGENSTÜTZE
1003-5941;2548220100000;T-1003-5941 AUSRICHTSTERN
1003-6133;2548891740000;T-1003-6133 ISOLIER WZ EU205
1003-6224;2548737820000;T-1003-6224 FÜHRUNGSLEISTE
1003-6239;2549660470000;T-1003-6239 ZUGSTANGE
1003-6428;2550314160000;M-1003-6428 ROLLE
1003-6539;2548238400000;T-1003-6539 BACKENFÜHRUNG
1003-6739;2549464370000;T-1003-6739 STÜTZGLOCKE
1003-7020;2549590830000;T-1003-7020 WICKELSCHABLONE VORN
1003-7062;2548204170000;T-1003-7062 AUFNAHMESCHALE VOLLS
1003-7266;2548584300000;"T-1003-7266 EINZIEH-WZ.; VOLLST."
1003-7518;2548201900000;T-1003-7518 AUFNAHMERING HINTEN
1003-7603;2548489900000;T-1003-7603 EINSCHIESSSTEMPEL
1003-7623;2548259070000;T-1003-7623 BIEGEMATRIZE
1003-7628;2549571020000;T-1003-7628 WICKELDÜSE
1003-8252;2549166940000;T-1003-8252 RING
1003-8541;2548185520000;T-1003-8541 AUFNAHME
1003-8651;2549568580000;T-1003-8651 WICKEL WZ, VOLLST.M.
1003-8705;2549486770000;T-1003-8705 TAUMELSCHEIBE
1003-9251;2549619160000;T-1003-9251 ZAHNRIEMENSCHEIBE
1003-9637;2548520840000;T-1003-9637 EINZIEHLAMELLE
1003-9798;2548199400000;T-1003-9798 AUFNAHMEPLATTE
1004-0136;2548273140000;T-1004-0136 BIEGESTEMPEL
1004-0449;2549374460000;T-1004-0449 STEMPELHALTEPLATTE
1004-0485;2548187140000;T-1004-0485 AUFNAHME
1004-0872;2549618430000;T-1004-0872 ZAHN WP LI AUSTAUSCH
1004-1012;2548097740000;T-1004-1012 A1-WICKEL-WZ
1004-1117;2549837070000;M-1004-1117 ANSCHLAG
1004-1128;2549517830000;T-1004-1128 UMFORMBLECH
1004-1434;2548705200000;T-1004-1434 FORM-WZ OBEN BG 100
1004-2047;2548718010000;T-1004-2047 FÜHRUNG PH 35-60
1004-2048;2548717550000;T-1004-2048 FÜHRUNG PH 20-30
1004-2403;2548592400000;T-1004-2403 ENDFORM-WZ BG 56 VOL
1004-2419;2549031420000;T-1004-2419 LEISTENHALTER
1004-2791;2548596150000;T-1004-2791 ENTRETOISE COTÉ POIG
1004-3192;2548239470000;T-1004-3192 BACKENFÜHRUNG OBEN
1004-3649;2548704730000;T-1004-3649 FORMWECHSELTEILE UNT
1004-3784;2550108260000;M-1004-3784 LEISTE
1004-3843;2549080120000;T-1004-3843 MITTELSTAB 3 KEGEL
1004-4055;2550213210000;M-1004-4055 PLATTE
1004-4149;2550213480000;M-1004-4149 PLATTE
1004-4474;2549269240000;T-1004-4474 SEGMENTNADEL VOLLST.
1004-4553;2549144970000;"T-1004-4553 PRAEGESCHEIBE; W1 S6"
1004-4689;2549612580000;T-1004-4689 WZ.-WECHSELRING
1004-4800;2550917530000;M-1004-4800 SAULE
1004-4867;2548496440000;T-1004-4867 EINSCHIEßSTEMPEL
1004-5012;2548999600000;T-1004-5012 LAMELLENAUFSATZ
1004-5104;2550881750000;M-1004-5104 STATORLIFT H=400
1004-5727;2548248460000;T-1004-5727 BEGRENZUNGSRING UNTE
1004-5874;2548509600000;T-1004-5874 EINSTELLLEHRE ABWICK
1004-5875;2548511000000;T-1004-5875 EINSTELLLEHRE DECKEL
1004-5984;2549475220000;T-1004-5984 STÜTZRING
1004-6083;2549583970000;T-1004-6083 WICKELSCHABLONE OBEN
1004-6257;2549337770000;T-1004-6257 STATORAUFLAGE 2
1004-6865;2548572480000;T-1004-6865 EINZIEHSTERN
1004-7088;2550517860000;M-1004-7088 GRIFF
1004-7231;2548432630000;T-1004-7231 DRUCKBOLZEN UNTEN
1004-7808;2554330500000;T-1004-7808 SCHUBBOLZEN
1004-7879;2549012980000;T-1004-7879 LAMELLENFÜHRUNG
1004-7993;2548403290000;T-1004-7993 DORN
1004-8037;2550573000000;M-1004-8037 GETRIEBE
1004-8330;2554344300000;M-1004-8330 HEBEL, LINKS
1004-8358;2554346260000;M-1004-8358 LAGERBOCK
1004-8586;2554356220000;T-1004-8586 PAPIERSPANNER
1004-8638;2554357890000;T-1004-8638 EINSCHIESSSTEMPEL WE
1004-8849;3051482730000;T-1004-8849 PAPIERFÜHRUNG, VOLLS
1004-8874;3051484430000;T-1004-8874 MONTAGERING OBEN
1004-9036;3051492100000;T-1004-9036 KLEMMSTANGE PH270
1004-9102;2554376410000;M-1004-9102 SCHWENKSTÜTZE
1004-9224;3051507230000;T-1004-9224 ABWEISERBLECH
1004-9319;3051515920000;T-1004-9319 WERKZEUGWECHSELTEILE
1004-9323;3051516300000;T-1004-9323 GREIFERBACKE RECHTS
1004-9731;3051533230000;T-1004-9731 TAUMELSCHEIBE
3000-1939;2543329190000;SCHLAUCH A1AS001630-SCAN-TUBE
3000-2083;0833672840000;Schraube ISO4762-M8X30-8.8-Zn5/Cn/T0
3000-2133;0834615900000;Schraube ISO4762-M4X10-8.8-Zn5/Cn/T0
3000-2187;0867471000000;Schraube ISO4762-M5X60-8.8-Zn5/Cn/T0
3000-2192;2542564900000;GSTI ISO4026-M5X25-45H-Zn5/Cn/T0
3000-2204;0604469270000;SCHRAUBE ISO10642-M3X8-8.8-Zn5/Cn/T0
3000-2229;1142755480000;SCHRAUBE ISO4017-M8X16-8.8-Zn5/Cn/T0
3000-2314;0502798660000;SCHRAUBE ISO10642-M5X16-8.8-Zn5/Cn/T0
3000-2481;2540400800000;Schraube ISO4762-M2X6-12.9-Zn5/Cn/T0
3000-2499;0653610320000;SCHRAUBE ISO10642-M5X10-8.8-Zn5/Cn/T0
3000-2552;0533134370000;SCHRAUBE ISO10642-M5X12-8.8-Zn5/Cn/T0
3000-2559;2540878500000;Schraube ISO4762-M12X160-8.8-Zn5/Cn/T0
3000-2600;2542313300000;Schraube DIN7984-M3X10-08.8-Zn5/Cn/T0
3000-2697;2540874500000;Schraube ISO4762-M8X25-10.9-Zn5/Cn/T0
3000-2698;0833758720000;Schraube ISO4762-M8X10-8.8-Zn5/Cn/T0
3000-2717;0833173170000;Schraube ISO4762-M4X12-8.8-Zn5/Cn/T0
3000-2766;2541516120000;SCHRAUBE ISO10642-M5X30-8,8-Zn5/Cn/T0
3000-2823;0809885800000;Schraube ISO4762-M10X30-8.8-Zn5/Cn/T0
3000-2858;0877165000000;GSTI ISO4026-M4X10-45H-Zn5/Cn/T0
3000-2908;0833152840000;Schraube ISO4762-M6X16-8.8-Zn5/Cn/T0
3000-3015;2546225690000;MUTTER M5-8.8-ZN5/CN/T0-AEHNL.ISO4032
3000-3139;2222678440000;MUTTER ISO4035-M8-04-Zn5/Cn/T0
3000-3149;2543102220000;MUTTER M8-5.8-ZN5/CN/T0-NR.AEHNL.DIN467
3000-3235;0513288600000;STIFT ISO8734-2,5X20-A-St
3000-3290;0671741240000;STIFT ISO8734-2X10-A-St
3000-3292;0653283530000;STIFT ISO8734-4X12-A-St
3000-3312;2543705000000;NIET DIN7340-A5X0,75X10-Cu
3000-3398;0671976710000;STIFT ISO8734-5X10-A-St
3000-3414;0717436930000;STIFT ISO8734-4X10-A-St
3000-3439;0671941760000;STIFT ISO8734-3X18-A-St
3000-3489;0717545470000;STIFT ISO8752-4X8-St
3000-3516;0654909590000;STIFT ISO8734-8X40-A-St
3000-3593;2543185090000;SCHEIBE 6-160HV-ZN5/CN/T0-AEHNL.ISO8738
3000-3612;0113760660000;SCHEIBE ISO8738-10-160HV
3000-3643;0001596890000;SHB DIN988- 15X21X1
3000-3714;2554590760000;EINSATZ 41300040006/11-BOELLHOFF
3000-3715;2554593270000;EINSATZ 41300050075/11-BOELLHOFF
3000-3753;2068043690000;SCHEIBE S-4-NR.412700-SCHNORR
3000-3783;2554593600000;EINSATZ 41300060009/11-BOELLHOFF
3000-3851;2543068100000;RING JV26-SEEGER
3000-3853;2103946170000;SCHEIBE Typ S 8-SCHNORR
3000-3860;2554150440000;GWDE M6x12-D-aehnl.DIN8140
3000-3902;2540890380000;RING DIN9926-90
3000-4176;0616083510000;FEDER DIN6885-C8X7X20
3000-4256;0532795140000;FEDER D-190-GUTEKUNST
3000-4541;2554379940000;T-3000-4541 DRUCKFEDER 1,2 X 13,5 X 60,0
3000-4563;2546544440000;FEDER 1,6X14,5X5000-NR.KM-3325-GUTEKUNST
3000-4929;2543112020000;ENKET B17.3.063.0-IGUS
3000-4962;0559513330000;ANEL 105.12PZ-IGUS
3000-4963;2099130450000;ANEL 117.3.12.PZ-IGUS
3000-5068;0771116720000;GRIFF GN528-PA132-SW-GANTER
3000-5137;2542133590000;KLEMM 06460-1062X15-NORELEM
3000-5267;2539515180000;BUCHSE J30X38X38-SINT-B50-AEHNL.DIN1850
3000-7012;2545074410000;VERBIND 2121A-BRINCK
3000-7037;2545074680000;VERBIND 2122A-BRINCK
3000-7121;0712784780000;VEL 1040-BRINCK
3000-7196;2545303970000;LAGER 1044-BRINCK
3000-7197;2545304000000;LAGER 2132A-BRINCK
3000-7237;2554407660000;T-3000-7237 UMLENKDUESE, VOLLST.
3000-7241;2545305160000;LAGER 860194-BRINCK
3000-7304;2545019580000;LAGER 860088-BRINCK
3000-7515;2539895230000;STUECK GBN-4-NR.575-090-147-SCHNEEBERGER
3000-7606;2543600170000;SCHIENE 1605-103-31-L=380-BOSCH-REXROTH
3000-7778;2545423790000;WECHSELSAEULE T7182_30X300X332-JASCHKE
3000-8650;2545317840000;SL DIN895-30X36
3000-8922;3051121200000;ROST CRONIX-80EXTRA-NICR8020-00,55-VDM
3000-9074;2540974720000;STEKVER SB8/LED3-333/5M NR.60637-LUMBERG
3000-9125;2544184060000;LEITUNG 0027877-LAPP
3000-9177;0572138600000;KAPPE ZVKM-LUMBERG
3000-9312;2554198800000;LEISTE 13017-VZ-600-6,5-6,5-L=600-DRUSEI
3000-9323;2544693700000;LEITUNG K8054.0,50-EFB
3000-9324;2544693960000;LEITUNG K8054.2-EFB
3000-9459;2543329860000;LEITUNG 610839800-INDEL
3000-9794;2543954730000;NIPPEL 2450070-MOSTER
3000-9875;0419600330000;VERKABL 53119040-LAPP
3000-9882;2543956430000;VERKABL 2454503-MOSTER
3000-9940;2545201890000;BOLZEN 1221432-REXEL
3000-9977;3050569800000;KABSCHU 720V-KLAUKE
3001-0251;2538891540000;KABTUEL 196.025.001.300.000-ODU
3001-0317;2554282860000;STECKER RC-17S1N121500-NR.1601808-PHOENI
3001-0347;0419584700000;STECKER RSMCK-3-LUMBERG
3001-0452;0510001990000;VERSTEG S151270-2,5-3-RD
3001-1048;2142780000000;MELD S151540-LED-22,3-YE
3001-1145;0776492220000;DRUTAST 3SB3000-0AA31-SIEMENS
3001-1203;0511570710000;SIG XVB-C2B6-TELEMECANIQUE
3001-1242;0002925590000;EIBSCHA 321-975-RS
3001-1301;0835946040000;SIG 840 085 00-WERMA
3001-1362;0754283850000;NS SMT10M-PS-24V-E0,3L-M8D-551375-FESTO
3001-1631;2542950100000;LEITUNG RKWT-4-3-224/5M-LUMBERG
3001-1663;2538555190000;FOLIE OP-51429-KEYENCE
3001-1741;2554299240000;SCHUETZ 3RT1045-1BB44-3MA0-SIEMENS
3001-1773;2554194490000;GESTELL DNSL-R7-17RS00-DINA
3001-1916;0833617400000;SLG 6GT2002-0JD00-SIEMENS
3001-1986;0655773530000;SCHASCH EB1554.500-RITTAL
3001-2246;2433924270000;LEITUNG 33304-INLINE
3001-2283;2544863120000;LEITUNG 12224-INLINE
3001-2631;0829102000000;MOTOR 1FK7022-5AK71-1LH3-SIEMENS
3001-2644;2544601940000;MOTOR CMP63S/BK/PK/RH1M/SB1-SEW
3001-2720;2543378210000;ASIAM 611145720-INDEL
3001-2805;2543379530000;POSSTEU 611349340-INDEL
3001-2814;2554074910000;POSSTEU 611349240-INDEL
3001-2914;2554076370000;STECKER 611755000-INDEL
3001-3216;0547944390000;DIODE BA159
3001-3480;2274139110000;SHL PEN-8X1,25-NT-NR.543248-FESTO
3001-3488;2544678570000;ROHR 2.462311.1-TECALAN
3001-3628;0419877560000;VERS CK-1/4-PK-6-NR.2030-FESTO
3001-3640;0419876830000;VERS LCK-1/4 PK-6-NR.4472-FESTO
3001-4060;0510528900000;HALTER DPVU-32-NR.161197-FESTO
3001-4080;2538243110000;ZYLINDER ADN-25-53-A-P-A-NR.536250-FESTO
3001-4363;2321571970000;HALTER DPNA-100-NR.537272-FESTO
3001-4381;2102974760000;ZYLINDER DSBG-125-80-PPVA-N3-NR.2158455-
3001-4471;0734995440000;GELENK-SGS-M12x1,25-NR.9262-FESTO
3001-4520;0507891040000;VEN CPV14-M1H-2X3-GLS-1/8-NR.161362-FEST
3001-4712;2537999370000;VEN LRLL-3/8-QS-8-NR.153505-FESTO
3001-4734;0697039570000;VEN S153901-GR-1/8-B
3001-4799;2230225000000;DRKLK DPA-40-10NR.537273-FESTO
3001-4967;2543909780000;FUEHR HSR25A2UUCO+460L-II-THK
3001-4975;0294876500000;VENTIL DRUCKREGLER--LR-1/8-G-7 NR.159506
3001-4996;3039242250000;DUESE 136.330.35.16-LECHLER
3001-5008;2540146310000;FESTWID CFR-25JT-52-3K3-YAGEO
3001-5011;2540145260000;MOTKON C322C104K1R5TA7301-KEMET
3001-5016;2541964700000;KONDENS 11D5050-BUERKLIN
3001-5018;2540135700000;FESTWID CFR-25JT-52-5K6-YAGEO
3001-5019;2543768860000;FESTWID 17-E-140-BUERKLIN
3001-5021;2540194630000;TRANSIS BCY58-8-T-COMSET
3001-5262;0957907050000;SCHASCH AX1280.000-COMPACT ENCLOSURE
3001-5434;2545306050000;TRANSFO 167-1230-SBA
3001-5890;2538289610000;SLG 6GT2600-5AC00-SIEMENS
3001-5987;2538288300000;SCHUETZ 3RH2131-2AP00-SIEMENS
3001-6149;2554236910000;MUSEN IL-2000+IL-1000+OP-87057-KEYENCE
3001-6475;2967082910000;ZYLINDER DPDM-20-50-PA-NR.4840806-FESTO
3001-6757;0183267140000;FEDER D-289-GUTEKUNST
3001-7654;2133011050000;WIDSTD 6SL3201-0BE21-8AA0-SIEMENS
3001-7856;2956490110000;HALTER EADC-E15-80-E7-NR.8047566-FESTO
3001-7892;0836072770000;RING IR20X25X26,5-INA
3001-7933;3050980200000;STECKER 072110-BKL-ELECTRONIC
5000-0061;2554429800000;M-5000-0061 SCHUTZBEREICH
5000-0079;2554431450000;M-5000-0079 4-FACH-NTC-AUSWERTUNG
5000-0538;2554443890000;M-5000-0538 VERBINDUNGSK.LZ-VORRICHTUNG
5000-0656;2554447610000;M-5000-0656 ÜBERTRAGUNGSLEITUNG
5000-1123;2554458900000;M-5000-1123 INTERNE A-TEILE
5000-2027;2554464030000;M-5000-2027 SPINDELSTOCK/LÄNGENZIEHVORR.
5000-2104;2554471750000;M-5000-2104 MANIPULATOR
5000-2114;2554472720000;M-5000-2114 MONTAGEPLATTE REGLER
5000-2178;2554478920000;M-5000-2178 SCHALTSCHRANK
