WERKS,MATNR,LGORT,LFGJA,LFMON,LBKUM,MEINS,VERPR,PEINH,SALK3,VPRSV,BWTAR,BUKRS,WAERS
4170,5151720000000,1003,2025,05,"56,000",ST,"29,66",1,"1660,96",V,NEU,0454,EUR
4170,5090760000000,1002,2025,05,"2,660",KG,"2407,14",100,"64,03",V,NEU,0454,EUR
4170,5686450000000,1003,2025,05,"27,475",KG,"2,41",1,"66,21",V,NEU,0454,EUR
4170,5358810000000,1003,2025,05,"0,229",KG,"3393,01",100,"7,77",V,NEU,0454,EUR
4170,5877840000000,1003,2025,05,"16,000",M,"102,91",10,"164,66",V,NEU,0454,EUR
4170,5011270000000,1002,2025,05,"16,000",ST,"133668,75",1000,"2138,70",V,NEU,0454,EUR
4170,5018500000000,1003,2025,05,"39,000",M,"7,61",1,"296,79",V,NEU,0454,EUR
4170,5201530000000,1003,2025,05,"39,000",ST,"22571,00",100,"8802,69",V,NEU,0454,EUR
4170,5416930000000,1003,2025,05,"588,813",KG,"19,81",1,"11664,39",V,NEU,0454,EUR
4170,5044760000000,1002,2025,05,"304,000",CM2,"2,41",10,"73,26",V,NEU,0454,EUR
4170,5009260000000,1003,2025,05,"336,000",KG,"4,08",1,"1370,88",V,NEU,0454,EUR
4170,5335890000000,1003,2025,05,"0,217",M,"3400,92",100,"7,38",V,NEU,0454,EUR
4170,5525480000000,1003,2025,05,"4,000",ST,"9157,50",1000,"36,63",V,NEU,0454,EUR
4170,5761480000000,1003,2025,05,"33,000",ST,"84,14",1,"2776,62",V,NEU,0454,EUR
4170,5042490000000,1003,2025,05,"152,000",KG,"34,93",1,"5309,36",V,NEU,0454,EUR
4170,5749720000000,1003,2025,05,"1694,000",MM,"0,04",1,"67,76",V,NEU,0454,EUR
4170,5106740000000,1003,2025,05,"237,000",KG,"13,70",1,"3246,90",V,NEU,0454,EUR
4170,5627140000000,1003,2025,05,"56,000",ST,"239,24",1,"13397,44",V,NEU,0454,EUR
4170,5197260000000,1003,2025,05,"16,000",M,"12,01",1,"192,16",V,NEU,0454,EUR
4170,5467500000000,1003,2025,05,"33,000",ST,"2756,74",10,"9097,24",V,NEU,0454,EUR
4170,5993810000000,1002,2025,05,"39,000",ST,"8187,92",100,"3193,29",V,NEU,0454,EUR
4170,5080850000000,1002,2025,05,"217,000",MM,"0,02",1,"4,34",V,NEU,0454,EUR
4170,5634550000000,1003,2025,05,"11,909",KG,"37,84",1,"450,64",V,NEU,0454,EUR
4170,5367990000000,1003,2025,05,"400,749",KG,"2,74",1,"1098,05",V,NEU,0454,EUR
4170,5553330000000,1003,2025,05,"618,000",CM2,"53,06",100,"327,91",V,NEU,0454,EUR
4170,5304880000000,1002,2025,05,"4,000",M,"27,49",1,"109,96",V,NEU,0454,EUR
4170,5160160000000,1003,2025,05,"39,000",ST,"2254,83",10,"8793,84",V,NEU,0454,EUR
4170,5405540000000,1003,2025,05,"16,000",ST,"118530,00",1000,"1896,48",V,NEU,0454,EUR
4170,5224020000000,1003,2025,05,"16,000",ST,"71506,88",1000,"1144,11",V,NEU,0454,EUR
4170,5226840000000,1002,2025,05,"0,668",KG,"25,36",1,"16,94",V,NEU,0454,EUR
4170,5309440000000,1003,2025,05,"56,000",ST,"5423,79",100,"3037,32",V,NEU,0454,EUR
4170,5262920000000,1003,2025,05,"0,914",KG,"3,46",1,"3,16",V,NEU,0454,EUR
4170,5700930000000,1002,2025,05,"55,000",ST,"95753,27",1000,"5266,43",V,NEU,0454,EUR
4170,5161170000000,1003,2025,05,"63,720",KG,"27439,74",1000,"1748,46",V,NEU,0454,EUR
4170,5589030000000,1003,2025,05,"33,000",ST,"66220,00",1000,"2185,26",V,NEU,0454,EUR
4170,5467360000000,1003,2025,05,"237,000",KG,"6,29",1,"1490,73",V,NEU,0454,EUR
4170,5798490000000,1002,2025,05,"61,871",KG,"312,09",10,"1930,93",V,NEU,0454,EUR
4170,5043720000000,1003,2025,05,"55,000",ST,"4,99",1,"274,45",V,NEU,0454,EUR
4170,5343740000000,1003,2025,05,"73,000",KG,"36,46",1,"2661,58",V,NEU,0454,EUR
4170,5479220000000,1002,2025,05,"336,000",KG,"2,50",1,"840,00",V,NEU,0454,EUR
4170,5319460000000,1003,2025,05,"4,135",M,"10000,00",1000,"41,35",V,NEU,0454,EUR
4170,5176980000000,1002,2025,05,"0,217",M,"22,12",1,"4,80",V,NEU,0454,EUR
4170,5129520000000,1002,2025,05,"26,490",KG,"1225,03",100,"324,51",V,NEU,0454,EUR
4170,5736650000000,1003,2025,05,"56,000",ST,"14727,68",100,"8247,50",V,NEU,0454,EUR
4170,5400860000000,1002,2025,05,"2197,000",MM,"0,07",1,"153,79",V,NEU,0454,EUR
4170,5360290000000,1003,2025,05,"56,000",ST,"138,81",1,"7773,36",V,NEU,0454,EUR
4170,5169370000000,1003,2025,05,"54,255",KG,"2074,43",100,"1125,48",V,NEU,0454,EUR
4170,5136130000000,1002,2025,05,"34,854",KG,"26545,30",1000,"925,21",V,NEU,0454,EUR
4170,5072550000000,1003,2025,05,"1,360",M,"20,00",1,"27,20",V,NEU,0454,EUR
4170,5311920000000,1003,2025,05,"36,000",ST,"115,99",1,"4175,64",V,NEU,0454,EUR
4170,5521800000000,1002,2025,05,"22,000",ST,"113890,00",1000,"2505,58",V,NEU,0454,EUR
4170,5950110000000,1003,2025,05,"156,000",CM2,"0,17",1,"26,52",V,NEU,0454,EUR
4170,5648460000000,1002,2025,05,"9,000",ST,"150,05",1,"1350,45",V,NEU,0454,EUR
4170,5653770000000,1003,2025,05,"27,000",ST,"277,50",1,"7492,50",V,NEU,0454,EUR
4170,5206220000000,1002,2025,05,"5478,000",MM,"0,06",1,"328,68",V,NEU,0454,EUR
4170,5001450000000,1003,2025,05,"0,832",KG,"7403,85",1000,"6,16",V,NEU,0454,EUR
4170,5584070000000,1002,2025,05,"4,396",KG,"12147,41",1000,"53,40",V,NEU,0454,EUR
4170,5296500000000,1003,2025,05,"2197,000",MM,"0,47",10,"103,26",V,NEU,0454,EUR
4170,5388420000000,1003,2025,05,"58,000",ST,"32460,00",1000,"1882,68",V,NEU,0454,EUR
4170,5179860000000,1003,2025,05,"1,000",ST,"18022,00",100,"180,22",V,NEU,0454,EUR
4170,5175840000000,1003,2025,05,"4,000",M,"33,57",1,"134,28",V,NEU,0454,EUR
4170,5333080000000,1002,2025,05,"16,000",ST,"174,12",1,"2785,92",V,NEU,0454,EUR
4170,5057070000000,1003,2025,05,"33,000",ST,"154142,73",1000,"5086,71",V,NEU,0454,EUR
4170,5394730000000,1003,2025,05,"328,000",CM2,"170,00",1000,"55,76",V,NEU,0454,EUR
4170,5539910000000,1003,2025,05,"36,000",ST,"103,87",1,"3739,32",V,NEU,0454,EUR
4170,5685880000000,1003,2025,05,"0,040",M2,"98,75",1,"3,95",V,NEU,0454,EUR
4170,5287800000000,1003,2025,05,"55,000",ST,"137210,00",1000,"7546,55",V,NEU,0454,EUR
4170,5571480000000,1003,2025,05,"3,000",ST,"24359,00",100,"730,77",V,NEU,0454,EUR
4170,5418910000000,1003,2025,05,"39,000",M,"17858,72",1000,"696,49",V,NEU,0454,EUR
4170,5029620000000,1003,2025,05,"0,227",KG,"29,25",1,"6,64",V,NEU,0454,EUR
4170,5036710000000,1003,2025,05,"9,391",KG,"18,86",1,"177,11",V,NEU,0454,EUR
4170,5055580000000,1003,2025,05,"26,000",ST,"13091,81",100,"3403,87",V,NEU,0454,EUR
4170,5898220000000,1002,2025,05,"0,078",M2,"301,15",1,"23,49",V,NEU,0454,EUR
4170,5962430000000,1003,2025,05,"2,000",ST,"77,17",1,"154,34",V,NEU,0454,EUR
4170,5403360000000,1003,2025,05,"0,030",M2,"31500,00",100,"9,45",V,NEU,0454,EUR
4170,5156120000000,1003,2025,05,"156,000",CM2,"0,08",1,"12,48",V,NEU,0454,EUR
4170,5148490000000,1002,2025,05,"44,000",ST,"209,20",1,"9204,80",V,NEU,0454,EUR
4170,5168600000000,1003,2025,05,"24,000",M,"18,35",1,"440,40",V,NEU,0454,EUR
4170,5014420000000,1003,2025,05,"39,000",ST,"243410,00",1000,"9492,99",V,NEU,0454,EUR
4170,5896450000000,1002,2025,05,"3,000",ST,"26,65",1,"79,95",V,NEU,0454,EUR
4170,5202640000000,1002,2025,05,"59,000",ST,"227,26",1,"13408,34",V,NEU,0454,EUR
4170,5031210000000,1002,2025,05,"0,062",M2,"2782,26",10,"17,25",V,NEU,0454,EUR
4170,5816030000000,1003,2025,05,"31,000",ST,"273,73",1,"8485,63",V,NEU,0454,EUR
4170,5249560000000,1003,2025,05,"4,135",M,"40,00",1,"165,40",V,NEU,0454,EUR
4170,5812020000000,1002,2025,05,"36,000",ST,"53,96",1,"1942,56",V,NEU,0454,EUR
4170,5685950000000,1003,2025,05,"34,000",ST,"194740,00",1000,"6621,16",V,NEU,0454,EUR
4170,5185610000000,1003,2025,05,"5,000",ST,"87,72",1,"438,60",V,NEU,0454,EUR
4170,5604990000000,1003,2025,05,"59,000",ST,"275816,61",1000,"16273,18",V,NEU,0454,EUR
4170,5448710000000,1003,2025,05,"248,542",KG,"34709,06",1000,"8626,66",V,NEU,0454,EUR
4170,5790490000000,1003,2025,05,"618,000",CM2,"347,52",1000,"214,77",V,NEU,0454,EUR
4170,5615610000000,1003,2025,05,"20,000",ST,"26,21",1,"524,20",V,NEU,0454,EUR
4170,5764040000000,1003,2025,05,"152,000",KG,"16,89",1,"2567,28",V,NEU,0454,EUR
4170,5186910000000,1002,2025,05,"58,000",ST,"168,79",1,"9789,82",V,NEU,0454,EUR
4170,5606310000000,1003,2025,05,"39,000",M,"45380,00",1000,"1769,82",V,NEU,0454,EUR
4170,5552290000000,1003,2025,05,"364,000",KG,"8,12",1,"2955,68",V,NEU,0454,EUR
4170,5511180000000,1003,2025,05,"58,000",ST,"8436,00",100,"4892,88",V,NEU,0454,EUR
4170,5143730000000,1003,2025,05,"20,000",ST,"209659,00",1000,"4193,18",V,NEU,0454,EUR
4170,5668610000000,1003,2025,05,"26,000",ST,"275,23",1,"7155,98",V,NEU,0454,EUR
4170,5338870000000,1002,2025,05,"3,000",ST,"277940,00",1000,"833,82",V,NEU,0454,EUR
4170,5810290000000,1002,2025,05,"466,000",CM2,"0,18",1,"83,88",V,NEU,0454,EUR
