Supplier No. Legacy System;Supplier Number New
2787004;513001
2787012;513002
2314005;513003
2865002;513004
2100030;513005
2523004;513006
2240061;513007
2165006;513008
2240250;513009
2240185;513010
2781003;513011
2547007;513012
2240205;513013
2240069;513014
2240074;513015
2240328;513016
2851005;513017
2504024;513018
2878034;513019
2722025;513020
2517002;513021
2388003;513022
2801020;513023
2240426;513024
2739003;513025
2240472;513026
2240351;513027
2240487;513028
2338007;513029
2787007;513030
2240488;513031
2706002;513032
2240463;513033
2775010;513034
2123016;513035
2503004;513036
2801028;513037
2905003;513038
2649004;513039
2240440;513040
2504003;513041
2514007;513042
2723011;513043
2955002;513044
2782006;513045
2281008;513046
2155002;513047
2878009;513048
2240028;513049
2284018;513050
2268025;513051
2105008;513052
2552010;513053
2794002;513054
2514004;513055
2549002;513056
2240305;513057
