project no. legacy,WBS element,description,posting period,currency,actual costs,planned revenue,WIP,expected loss
P2047828,S-291093,PRJ-Hermighausen AG assembly cell,12/2026,EUR,"331034,53","-463062,13","331034,53","0,00"
P2292678,S-293841,PRJ-Peukert Niemeier GbR handling unit,12/2026,EUR,"69522,50","-34496,00","34496,00","35026,50"
P3454697,S-297917,PRJ-Koch II KG automation package,12/2026,EUR,"68754,16","-36340,00","36340,00","32414,16"
P4007115,S-291571,PRJ-Lorch Stey KG retrofit,12/2026,EUR,"5145601,41","-3375952,96","3375952,96","1769648,45"
P4103381,S-299403,PRJ-Löchel winding line,12/2026,EUR,"25007,91","-24600,00","24600,00","407,91"
P4130896,S-292681,PRJ-Gerlach handling unit,12/2026,EUR,"424750,73","-789450,00","424750,73","0,00"
P5541992,S-294527,PRJ-Lindau assembly cell,12/2026,EUR,"0,00","-3150000,00","0,00","0,00"
P5602622,S-294920,PRJ-Möchlichen retrofit,12/2026,EUR,"265416,12","-660000,00","265416,12","0,00"
P5915537,S-298036,PRJ-Putz Wulf KG automation package,12/2026,EUR,"3214,89","-36340,00","3214,89","0,00"
P6108627,S-299024,PRJ-Schuster Niemeier GmbH tool set,12/2026,EUR,"41619,66","-180000,00","41619,66","0,00"
P6302502,S-298693,PRJ-Werner GbR prototype batch,12/2026,EUR,"18683,21","-84500,00","18683,21","0,00"
P6324669,S-291088,PRJ-Adolph retrofit,12/2026,EUR,"574364,48","-1295272,79","574364,48","0,00"
P7182271,S-295161,PRJ-Ullrich winding line,12/2026,EUR,"85792,65","-191437,00","85792,65","0,00"
P7217359,S-297832,PRJ-Hering GmbH & Co. OHG test bench,12/2026,EUR,"1035313,23","-4225000,00","1035313,23","0,00"
P7670493,S-295108,PRJ-Adolph AG & Co. OHG assembly cell,12/2026,EUR,"58068,85","-36340,00","36340,00","21728,85"
P8785311,S-299446,PRJ-Beer GmbH handling unit,12/2026,EUR,"9464,55","-432111,00","9464,55","0,00"
P9919138,S-298647,PRJ-Gotthard GbR handling unit,12/2026,EUR,"142,00","0,00","0,00","142,00"
