BUKRS,ANLKL,GD_MARK,AIBN1,MEINS,MENGE,AKTIV,TXT50,KOSTL,PRCTR,WERKS,STORT,AFASL01,AFABG01,NDJAR01,NDPER01,KANSW01,KNAFA01,net book value,ELBT
0454,3300,X,64634767,ST,"8,000",20181006,Set of four tyres for one of the works vans,0454-4598,A040100000,1003,DE230,LINS,20181006,0,0,"51309,15","-51309,15","0,00","0,01"
0454,3300,X,523036852,ST,"4,000",20140115,Company car estate model including winter tyre set,0454-2133,A042000000,1003,DE230,LINS,20140116,14,9,"38546,57","-17108,11","21438,46","21438,46"
0454,3900,X,856860259,ST,"1,000",20100921,ERP interface module for the shop floor terminals,0454-4094,A040100000,1003,DE000,GD25,20100921,0,0,"36928,08","-36928,08","0,00","0,01"
0454,3300,X,959502727,ST,"4,000",20161128,Set of four tyres for one of the works vans,0454-3516,A040100000,1003,DE230,LINS,20161203,0,0,"54695,53","-54695,53","0,00","0,01"
0454,3012,X,1077059087,ST,"2,000",20140615,Sheet metal wall painting of the training centre,0454-8383,A040100000,1003,DE100,LINS,20140624,13,9,"34702,24","-14330,64","20371,60","20371,60"
0454,3500,X,1667073174,ST,"8,000",20190922,Barcode scanner set for goods receipt,0454-5512,A042000000,1003,DE300,LINS,20190922,0,0,"15153,78","-15153,78","0,00","0,01"
0454,3200,X,1758778337,ST,"2,000",20200807,Medium frequency generator with connection cable s,0454-2133,A042000000,1003,DE400,LINS,20200807,0,0,"44848,46","-44848,46","0,00","0,01"
0454,3200,X,1891108541,ST,"1,000",20210129,Wire erosion machine with dielectric unit,0454-8383,A040100000,1003,DE400,LINS,20210211,0,8,"55052,14","-10764,91","44287,23","44287,23"
0454,3012,X,1926982078,ST,"8,000",20140928,Office decoration of the upper floor including par,0454-1744,A042000000,1003,DE100,LINS,20140928,2,9,"86467,37","-37631,03","48836,34","48836,34"
0454,3900,X,2003709206,ST,"1,000",20110902,ERP interface module for the shop floor terminals,0454-7906,A040100000,1001,DE000,LINS,20110902,4,9,"15153,52","-3915,77","11237,75","11237,75"
0454,3200,X,2086530651,ST,"1,000",20230815,Winding machine with eight spindles and infeed,0454-1744,A042000000,1003,DE400,LINS,20230815,1,7,"53141,74","-12915,46","40226,28","40226,28"
0454,3200,X,2088171175,ST,"2,000",20120601,Heat indicator for the technical department,0454-2133,A042000000,1003,DE400,LINS,20120601,0,0,"59334,45","-59334,45","0,00","0,01"
0454,3500,X,2155274096,ST,"2,000",20161112,Barcode scanner set for goods receipt,0454-7906,A040100000,1001,DE300,LINS,20161112,6,1,"32919,11","-25720,91","7198,20","7198,20"
0454,3300,X,2229980204,ST,"2,000",20170130,Electric pallet truck with lifting mast,0454-4482,A040100000,1002,DE230,LINS,20170130,0,0,"6721,11","-6721,11","0,00","0,01"
0454,3012,X,2241650192,ST,"2,000",20230509,Canteen furniture set of forty seats,0454-2133,A042000000,1003,DE100,LINS,20230509,14,1,"42437,23","-31957,64","10479,59","10479,59"
0454,3012,X,2252740569,ST,"8,000",20100405,Sheet metal wall painting of the training centre,0454-7906,A040100000,1001,DE100,LINS,20100405,0,0,"1804,46","-1804,46","0,00","0,01"
0454,3500,X,2352692982,ST,"8,000",20211009,Network port extension for the server room,0454-3516,A040100000,1003,DE300,GD25,20211009,0,0,"84663,28","-84663,28","0,00","0,01"
0454,3900,X,2579513485,ST,"1,000",20200130,Electronic ledger licence renewal agreement for on,0454-2133,A042000000,1003,DE000,LINS,20200130,13,0,"81049,66","-70518,50","10531,16","10531,16"
0454,3900,X,2870557125,ST,"1,000",20231109,Licence renewal agreement reporting computer,0454-6193,A042000000,1002,DE000,LINS,20231109,13,2,"12878,28","-6066,45","6811,83","6811,83"
0454,3900,X,3054178476,ST,"1,000",20131227,Electronic ledger licence renewal agreement for on,0454-8383,A040100000,1003,DE000,LINS,20131227,0,0,"37852,70","-37852,70","0,00","0,01"
0454,3900,X,3143134241,ST,"4,000",20191201,ERP interface module for the shop floor terminals,0454-6193,A042000000,1002,DE000,LINS,20191201,0,0,"32691,58","-32691,58","0,00","0,01"
0454,3900,X,3170282765,ST,"1,000",20110924,Licence renewal agreement reporting computer,0454-2133,A042000000,1003,DE000,LINS,20111014,7,4,"15806,54","-13083,18","2723,36","2723,36"
0454,3200,X,3301634236,ST,"1,000",20211227,Assembly station for stator mounting complete,0454-6193,A042000000,1002,DE400,LINS,20220104,9,0,"3001596,10","-1868411,64","1133184,46","1133184,46"
0454,3600,X,3351721118,ST,"1,000",20100724,Air conditioning unit for the server room,0454-9681,A042000000,1002,DE310,LINS,20100724,6,1,"65368,06","-35580,56","29787,50","29787,50"
0454,3900,X,3480103719,ST,"1,000",20240806,ERP interface module for the shop floor terminals,0454-4094,A040100000,1003,DE000,GD25,20240806,4,8,"33551,41","-29192,15","4359,26","4359,26"
0454,3600,X,3582552505,ST,"1,000",20121220,Loading ramp extension with weather protection,0454-1744,A042000000,1003,DE310,LINS,20121223,0,0,"34015,76","-34015,76","0,00","0,01"
0454,3600,X,3632839875,ST,"1,000",20130511,Roof gutter work on the training centre in galvani,0454-7906,A040100000,1001,DE310,LINS,20130511,9,2,"58614,18","-21669,46","36944,72","36944,72"
0454,3300,X,3752104949,ST,"1,000",20211230,Company car estate model including winter tyre set,0454-5512,A042000000,1003,DE230,LINS,20211230,9,11,"83120,17","-31293,29","51826,88","51826,88"
0454,3200,X,3811770988,ST,"8,000",20200321,Assembly station for stator mounting complete,0454-4853,A042000000,1001,DE400,LINS,20200321,0,0,"65267,51","-65267,51","0,00","0,01"
0454,3500,X,3839638634,ST,"1,000",20210909,Network port extension for the server room,0454-6193,A042000000,1002,DE300,LINS,20210909,0,0,"52511,26","-52511,26","0,00","0,01"
0454,3600,X,3853430623,ST,"1,000",20141228,Roof gutter work on the training centre in galvani,0454-5512,A042000000,1003,DE310,LINS,20150116,0,0,"47432,62","-47432,62","0,00","0,01"
0454,3012,X,3853992456,ST,"1,000",20100522,Canteen furniture set of forty seats,0454-1744,A042000000,1003,DE100,LINS,20100606,9,0,"89512,74","-36616,67","52896,07","52896,07"
0454,3900,X,4076065396,ST,"1,000",20130116,ERP interface module for the shop floor terminals,0454-7906,A040100000,1001,DE000,LINS,20130116,0,0,"9358,90","-9358,90","0,00","0,01"
0454,3300,X,4243328044,ST,"2,000",20200302,Company car estate model including winter tyre set,0454-9681,A042000000,1002,DE230,LINS,20200302,0,0,"71553,18","-71553,18","0,00","0,01"
0454,3200,X,4295040083,ST,"1,000",20241112,Heat indicator for the technical department,0454-8383,A040100000,1003,DE400,MANU,20241124,10,11,"36609,90","-26449,66","10160,24","10160,24"
0454,3200,X,4561844856,ST,"2,000",20240718,Lamella grinding machine with automatic infeed,0454-5512,A042000000,1003,DE400,GD25,20240718,13,1,"70402,91","-10277,03","60125,88","60125,88"
0454,3600,X,4800451758,ST,"1,000",20210705,Air conditioning unit for the server room,0454-3516,A040100000,1003,DE310,LINS,20210708,0,0,"81365,37","-81365,37","0,00","0,01"
0454,3300,X,5082393731,ST,"8,000",20190307,Electric pallet truck with lifting mast,0454-4598,A040100000,1003,DE230,LINS,20190307,13,11,"1487655,35","-95651,64","1392003,71","1392003,71"
0454,3012,X,5252590244,ST,"1,000",20100130,Sheet metal wall painting of the training centre,0454-4482,A040100000,1002,DE100,LINS,20100130,9,1,"88865,68","-79653,95","9211,73","9211,73"
0454,3600,X,5706078369,ST,"2,000",20131123,Air conditioning unit for the server room,0454-4094,A040100000,1003,DE310,LINS,20131123,0,0,"73171,31","-73171,31","0,00","0,01"
0454,3012,X,5860884261,ST,"4,000",20131104,Canteen furniture set of forty seats,0454-6193,A042000000,1002,DE100,LINS,20131104,12,2,"65783,74","-30256,70","35527,04","35527,04"
0454,3300,X,5910292023,ST,"2,000",20211015,Electric pallet truck with lifting mast,0454-9681,A042000000,1002,DE230,LINS,20211015,0,0,"66920,39","-66920,39","0,00","0,01"
0454,3300,X,6105384021,ST,"1,000",20110703,Company car estate model including winter tyre set,0454-1744,A042000000,1003,DE230,LINS,20110703,0,0,"54044,72","-54044,72","0,00","0,01"
0454,3200,X,6119348234,ST,"8,000",20171014,Lamella grinding machine with automatic infeed,0454-9681,A042000000,1002,DE400,MANU,20171014,0,0,"5536,64","-5536,64","0,00","0,01"
0454,3600,X,6385118193,ST,"1,000",20240721,Roof gutter work on the training centre in galvani,0454-9681,A042000000,1002,DE310,LINS,20240721,0,0,"3575637,91","-3575637,91","0,00","0,01"
0454,3200,X,6425957994,ST,"1,000",20120207,Lamella grinding machine with automatic infeed,0454-1744,A042000000,1003,DE400,LINS,20120207,0,0,"693,66","-693,66","0,00","0,01"
0454,3500,X,6496707418,ST,"1,000",20120409,Network port extension for the server room,0454-6193,A042000000,1002,DE300,LINS,20120409,0,0,"16744,00","-16744,00","0,00","0,01"
0454,3200,X,6630613243,ST,"1,000",20150905,Lamella grinding machine with automatic infeed,0454-3516,A040100000,1003,DE400,LINS,20150905,0,0,"71806,52","-71806,52","0,00","0,01"
0454,3900,X,6797430347,ST,"1,000",20090803,Licence renewal agreement reporting computer,0454-2133,A042000000,1003,DE000,LINS,20090803,9,6,"49694,58","-43632,42","6062,16","6062,16"
0454,3200,X,6861049656,ST,"1,000",20111205,Assembly station for stator mounting complete,0454-4094,A040100000,1003,DE400,GD25,20111205,0,0,"87869,51","-87869,51","0,00","0,01"
0454,3200,X,6867572842,ST,"1,000",20121225,Lamella grinding machine with automatic infeed,0454-4853,A042000000,1001,DE400,LINS,20121225,0,0,"29315,92","-29315,92","0,00","0,01"
0454,3012,X,6877463238,ST,"1,000",20161024,Canteen furniture set of forty seats,0454-4598,A040100000,1003,DE100,GD25,20161024,0,10,"72718,58","-8207,94","64510,64","64510,64"
0454,3200,X,6926197938,ST,"2,000",20110820,Wire erosion machine with dielectric unit,0454-4598,A040100000,1003,DE400,LINS,20110824,0,0,"6890,55","-6890,55","0,00","0,01"
0454,3012,X,6986472395,ST,"8,000",20240628,Sheet metal wall painting of the training centre,0454-6193,A042000000,1002,DE100,LINS,20240628,9,8,"82116,38","-8453,52","73662,86","73662,86"
0454,3200,X,7431948510,ST,"1,000",20110514,Assembly station for stator mounting complete,0454-6193,A042000000,1002,DE400,LINS,20110607,9,9,"19547,69","-16842,88","2704,81","2704,81"
0454,3500,X,7620001969,ST,"1,000",20160412,Server cabinet with uninterruptible power supply,0454-2133,A042000000,1003,DE300,LINS,20160412,2,8,"40591,45","-27301,12","13290,33","13290,33"
0454,3012,X,7650354464,ST,"1,000",20160809,Sheet metal wall painting of the training centre,0454-4598,A040100000,1003,DE100,GD25,20160809,0,0,"29878,24","-29878,24","0,00","0,01"
0454,3200,X,7700279893,ST,"2,000",20250807,Heat indicator for the technical department,0454-4853,A042000000,1001,DE400,GD25,20250807,3,1,"71914,67","-36734,10","35180,57","35180,57"
0454,3500,X,7789135957,ST,"1,000",20200714,Eight docking stations and monitors for the engine,0454-4094,A040100000,1003,DE300,GD25,20200811,8,5,"43283,16","-36405,06","6878,10","6878,10"
0454,3200,X,8246856354,ST,"2,000",20211101,Profile grinding centre including measuring statio,0454-2133,A042000000,1003,DE400,LINS,20211201,0,0,"17576,84","-17576,84","0,00","0,01"
0454,3200,X,8307079418,ST,"4,000",20200824,Wire erosion machine with dielectric unit,0454-4598,A040100000,1003,DE400,LINS,20200824,0,0,"55499,35","-55499,35","0,00","0,01"
0454,3200,X,8376828722,ST,"1,000",20091026,Winding machine with eight spindles and infeed,0454-4094,A040100000,1003,DE400,GD25,20091115,0,0,"34843,09","-34843,09","0,00","0,01"
0454,3500,X,8651449057,ST,"1,000",20200507,Network port extension for the server room,0454-4598,A040100000,1003,DE300,MANU,20200507,0,0,"52052,83","-52052,83","0,00","0,01"
0454,3500,X,8731589176,ST,"1,000",20220310,Plotter DIN A0 for the drawing office,0454-3516,A040100000,1003,DE300,GD25,20220312,3,9,"16828,45","-8068,98","8759,47","8759,47"
0454,3200,X,8784396006,ST,"1,000",20111218,Lamella grinding machine with automatic infeed,0454-4598,A040100000,1003,DE400,LINS,20111218,0,0,"3377477,73","-3377477,73","0,00","0,01"
0454,3012,X,8816438876,ST,"8,000",20240913,Canteen furniture set of forty seats,0454-5512,A042000000,1003,DE100,LINS,20240913,14,1,"77604,36","-20174,92","57429,44","57429,44"
0454,3300,X,8827569321,ST,"1,000",20220425,Company car estate model including winter tyre set,0454-4482,A040100000,1002,DE230,LINS,20220425,0,0,"22656,44","-22656,44","0,00","0,01"
0454,3200,X,9060745494,ST,"8,000",20150114,Wire erosion machine with dielectric unit,0454-4482,A040100000,1002,DE400,GD25,20150114,8,0,"24361,74","-5136,60","19225,14","19225,14"
0454,3200,X,9066278036,ST,"2,000",20200201,Heat indicator for the technical department,0454-1744,A042000000,1003,DE400,LINS,20200201,2,0,"24800,02","-11905,96","12894,06","12894,06"
0454,3012,X,9237515699,ST,"2,000",20091212,Entrance door glazing with smart film,0454-2133,A042000000,1003,DE100,LINS,20091212,14,6,"5550,48","-4810,61","739,87","739,87"
0454,3200,X,9288360819,ST,"1,000",20151020,Assembly station for stator mounting complete,0454-4598,A040100000,1003,DE400,LINS,20151020,0,0,"2462,35","-2462,35","0,00","0,01"
0454,3012,X,9358857874,ST,"2,000",20130326,Canteen furniture set of forty seats,0454-7906,A040100000,1001,DE100,MANU,20130326,0,0,"29455,83","-29455,83","0,00","0,01"
0454,3500,X,9468327638,ST,"1,000",20100506,Plotter DIN A0 for the drawing office,0454-4598,A040100000,1003,DE300,LINS,20100506,0,0,"75906,91","-75906,91","0,00","0,01"
0454,3900,X,9646902441,ST,"8,000",20141004,ERP interface module for the shop floor terminals,0454-4094,A040100000,1003,DE000,LINS,20141004,0,0,"68534,78","-68534,78","0,00","0,01"
0454,3500,X,9707159192,ST,"1,000",20230607,Network port extension for the server room,0454-7906,A040100000,1001,DE300,LINS,20230607,0,0,"15413,45","-15413,45","0,00","0,01"
