erp no,description,unit,material type,status,generation date
30000000000,000000-0003 snd us-100as(a) large ultrasonic cleaner (100l,pc,bmav,f,22.01.2004
30000000001,000000-0005 custom cth-230 digital thermo-hygrometer (-10 to +50oc,pc,bmav,f,20.11.2004
30000000002,000000-0006 koganei gs610-b gs6 series digital pressure switches,pc,bmav,f,06.02.2004
30000000003,000000-0007 ishizaki electric mfg. co.,pc,bmav,f,30.07.2003
30000000004,000000-0008 muratec kds b-sp plastic protection pads (65 x 45 x 15mm),pc,bmav,f,24.01.2003
30000000005,000000-0009 corning incorporated 9820-25x test tube (without rim) pyrex(r) 70ml,pc,bmav,f,29.05.2013
30000000006,000000-0010 kinto 45150 wine rack for 14 bottles (willow,pc,bmav,f,25.12.2013
30000000007,000000-0012 nagai gauges 100ml gap gauge,pc,erze,f,16.12.2007
30000000008,000000-0013 chino yc507-k terminal adapter for thermocouple k,pc,bmav,f,16.06.2017
30000000009,000000-0014 as one 1-3183-11 s-1 square aluminum tray 100 pcs 102 x 45mm,pc,erze,f,24.11.2015
30000000010,000000-0015 as one 2-9638-01 bcc-s mini v-block (65 x 25 x 31mm),pc,erze,f,22.08.2015
30000000011,000000-0016 imao tb80 terminal block (d 8.2mm),pc,bmav,f,22.10.2001
30000000012,000000-0017 peak electronic design esr70 capacitance meter,pc,bmav,f,13.05.2005
30000000013,000000-0018 sibata scientific technology ltd 026500-2501 a graduated cylinder custom a 250ml,pc,bmav,f,06.08.2009
30000000014,000000-0019 goldwin pp1030x composite coverall yellow 3l,pc,erze,f,29.03.2015
30000000015,000000-0020 corning pyrex 3140-190 crystallizing dish 2500ml,pc,bmav,f,26.04.2016
30000000016,000000-0021 as one 1-5216-06 thermo-hygrometer for desiccator,pc,bmav,f,02.09.2006
30000000017,000000-0022 as one 1-2723-02 as197c m dust-free garment,pc,bmav,f,09.08.2004
30000000018,000000-0023 as one 1-9007-31 iw-300sb incubator (steel type) 80oc 30 lit,pc,bmav,f,10.11.2003
30000000019,000000-0024 clover 24 stock pot (with grip) 10l,pc,bmav,f,26.12.2005
30000000020,000000-0025 seisannipponsha mark-a unipack mark (50 x 70mm,pc,bmav,f,14.09.2006
30000000021,000000-0026 werma 69831075 kompakt led beacon tower (3 light elements,pc,bmav,f,16.08.2015
30000000022,000000-0027 saint-gobain sa ay242003 pharmed bpt tube for roller pump 1.59 x 4.76 usp class vi,pc,bmav,f,26.03.2015
30000000023,000000-0028 as one 1-3344-01 bl-2 siphon pump (colorful pump) red (pe (polyethylene),pc,bmav,f,21.08.2017
30000000024,000000-0031 edwards pv16k bellows valve (manual type) nw16,pc,erze,f,18.01.2013
30000000025,000000-0032 koganei cj-3x0.5 cylinder joint,pc,bmav,f,09.09.2002
30000000026,000000-0033 as one 5-130-07 no.11 standards bottle (wide-mouth) clear 134ml,pc,bmav,f,02.02.2017
30000000027,000000-0034 as one 1-788-13 propeller for air mixer stainless blades φ160mm,pc,bmav,f,05.05.2011
30000000028,000000-0035 sanwa supply che-tp1 digital thermo-hygrometer (0 - 100%rh,pc,bmav,f,23.11.2013
30000000029,000000-0036 nikko hansen 1051-03 bottle with easy cock flat square can 2 ports 20l,pc,bmav,f,15.01.2003
30000000030,000000-0037 as one 2-2273-02 1030-02 polyimide tape 0.055mm x 20mm x 30m flame retardant ul510,pc,erze,f,16.06.2002
30000000031,000000-0038 as one 1-8279-11 l03-11 standards conformance poly bag 200 x 300mm 100 pieces,pc,erze,f,27.09.2011
30000000032,000000-0039 as one 1-7736-02 005.608040 ptfe stirring blade 4 blades φ8 x 40mm,pc,erze,f,07.11.2002
30000000033,000000-0040 ars 360-m scissors handicrafts curved blade (30 x 125mm),pc,bmav,f,06.05.2016
30000000034,000000-0041 as one 1-8279-04 l03-4 standards conformance poly bag 90 x 170mm 100 pieces,pc,bmav,f,13.12.2015
30000000035,000000-0043 wheaton w986339ng shading mini vial solid cap 5ml (usp type i),pc,bmav,f,21.04.2005
30000000036,000000-0044 as one 1-130-06 silicone rubber heater 50mm x 300mm,pc,bmav,f,08.05.2002
30000000037,000000-0045 aram (as one 1-3953-05) aramec(r) vacuum hose plastic elastomer (φ7.5 x φ20mm,pc,bmav,f,12.01.2003
30000000038,000000-0046 hakko t33-1611 high-power soldering iron tip,pc,bmav,f,24.02.2007
30000000039,000000-0047 thermo scientific nalgene 3120-0250jp centrifuge bottle 250ml,pc,bmav,f,05.06.2017
30000000040,000000-0048 nasco whirl-pak b01297(wt)wa (pe (polyethylene),pc,bmav,f,07.02.2013
30000000041,000000-0049 nachi sglhv6 heavy long end mill sg-fax (4 blades,pc,bmav,f,10.05.2009
30000000042,000000-0050 ch products bd140a01bk0549 joystick switch 1 axis,pc,bmav,f,21.11.2012
30000000043,000000-0054 chemplex ch426 prolene film (circular cut) 1 box (500 pieces),pc,bmav,f,17.05.2002
30000000044,000000-0055 tohnichi ltd15cn torque screwdriver (ltd-1.5/without bit) (2 - 15cnm,pc,erze,f,23.04.2005
30000000045,000000-0057 as one 2-8217-09 no.17 new poly standards bag (360 x 500mm with cord,pc,bmav,f,12.07.2006
30000000046,000000-0058 nikko company (as one 4-5634-14) tpx(r) techno bottle narrow-mouth 1000ml,pc,bmav,f,04.08.2012
30000000047,000000-0059 nikko hansen 1047-32 hfw-20l fluorine gas coating container (20000ml 1 bottle),pc,bmav,f,24.05.2007
30000000048,000000-0060 as one 9-869-20 laboran(r) silicone tube (φ9 × φ12 mm,pc,bmav,f,01.08.2009
30000000049,000000-0062 shimadzu bl-3200h electronic balance (3200g,pc,erze,f,19.03.2008
30000000050,000000-0064 as one 1-9408-25 square case with hinge (conductive + antistatic,pc,bmav,f,23.12.2014
30000000051,000000-0067 nikko hansen 3031-02 pp volumetric flask 500ml with english calibration certificate,pc,bmav,f,04.01.2015
30000000052,000000-0068 nikko hansen 14-2204-01 multi-bottle square type mbk-300 with cap 300ml,pc,bmav,f,08.12.2002
30000000053,000000-0069 altia sc-280dpk tray module accessory light pink (abs resin (antistatic agent),pc,bmav,f,17.09.2001
30000000054,000000-0070 sankyo diamond industrial p301265g2 mesh bag,pc,bmav,f,21.11.2014
30000000055,000000-0071 kartell no.280 pvc tray 245 x 195 x 50mm,pc,bmav,f,26.08.2012
30000000056,000000-0073 hozan tool industrial p-22 needle-nose pliers 163mm,pc,erze,f,10.02.2012
30000000057,000000-0074 fabreeka 2311152 anti-vibration mat (100 x 100mm,pc,bmav,f,16.04.2002
30000000058,000000-0075 as one 1-5181-01 tr-118 tube rotator 1 - 18rpm steel,pc,bmav,f,26.01.2006
30000000059,000000-0076 as one 1-8575-02 short bio pipette 2ml,pc,bmav,f,23.07.2009
30000000060,000000-0078 sibata scientific technology 020200-52a bio pipette 5ml short (bio pipette,pc,erze,f,24.10.2016
30000000061,000000-0079 showa glove b0610-s fit glove s 20 pcs,pc,bmav,f,21.04.2007
30000000062,000000-0080 asahi yukizai vlclvuvjn4n4 cock (u-pvc,pc,bmav,f,03.12.2017
30000000063,000000-0081 urawa ut02-90 slender head φ18mm,pc,bmav,f,27.11.2006
30000000064,000000-0082 facom 985753 crimping tool for crimp contact 255mm,pc,bmav,f,23.02.2003
30000000065,000000-0083 leona sus100 pressure-resistant glass reaction vessel mini clave 100ml,pc,bmav,f,27.08.2016
30000000066,000000-0085 nippon paper crecia 77402 disinfectant wet towel box (40 pcs,pc,bmav,f,20.09.2002
30000000067,000000-0086 crews crt30803 acrylic universal sign wi-fi,pc,bmav,f,28.05.2016
30000000068,000000-0088 norgren v05b286n-b439a pneumatic control valve (2/2 solenoid/spring,pc,bmav,f,08.06.2006
30000000069,000000-0091 consuss el-ws3-10a mini ferrule fitting welding mini elbow 10a,pc,erze,f,10.10.2012
30000000070,000000-0092 sibata scientific technology 060310-05 water activity measuring instrument (conway),pc,bmav,f,10.07.2001
30000000071,000000-0093 as one 6-587-37 acfj00023 laboratory tube tygon(r) lmt 55 φ7. 94 x φ12.7mm 1 roll (15m),pc,bmav,f,09.02.2017
30000000072,000000-0094 as one 0-1513-01 cm-s colorful mini wagon silver (with hook,pc,erze,f,09.10.2017
30000000073,000000-0095 as one 4-745-02 tdd-h600ss digital dry desiccator (h-series) (10 - 60% rh,pc,bmav,f,06.02.2017
30000000074,000000-0096 as one 4-543-03 sc60 pp screw-top bottle 60ml 300 pieces,pc,bmav,f,20.11.2004
30000000075,000000-0097 as one 1-5927-02 pt-20 suction-discharge chemical-resistant pump 130 - 650ml/min,pc,bmav,f,12.08.2016
