creditor no.,creditor name,creditor type,company designation,tax type,payment method,collective account 1,collective account 2
3000243,"Nohlmans, Vladimir",Lieferant,0243,39,31,90,90
3000361,"Sorgatz, Traudel",Lieferant,0361,39,31,90,90
3000402,"Jessel, Eleni",Lieferant,0402,39,31,90,90
3000468,"Stolze, Philomena",Lieferant,0468,39,31,90,90
3000522,"Girschner, Francesca",Lieferant,0522,39,31,90,90
3000661,"Wieloch, Mandy",Lieferant,0661,39,31,90,90
3000766,"Fröhlich, Verena",Lieferant,0766,39,31,90,90
3000802,"Möchlichen, Ronald",Lieferant,0802,39,31,90,90
3000838,"Ortmann, Igor",Lieferant,0838,39,31,90,90
3000851,"Seidel, Yusuf",Lieferant,0851,39,31,90,90
3000883,"Kohl, Silva",Lieferant,0883,39,31,90,90
3000912,"Mangold, Stilla",Lieferant,0912,39,,90,90
3000932,"Meyer, Liesel",Lieferant,0932,39,31,90,99
3001059,"Gnatz, Olaf",Lieferant,1059,39,31,90,90
3001170,"Haase, Filiz",Lieferant,1170,39,,90,90
3001196,"Schaaf, Bertold",Lieferant,1196,39,31,90,90
3001244,"Kaul, Hans-Gerd",Lieferant,1244,39,31,90,90
3001317,"Wesack, Kira",Lieferant,1317,39,31,90,90
3001369,"Sauer, Thekla",Lieferant,1369,39,31,90,90
3001461,"Kobelt, Mira",Lieferant,1461,39,31,90,90
3001475,"Etzler, Geraldine",Lieferant,1475,39,31,90,90
3001489,"Junk, Eckhardt",Lieferant,1489,39,31,90,90
3001510,"Schmiedecke, Gerdi",Lieferant,1510,39,,90,90
3001515,"Salz, Alice",Lieferant,1515,39,31,90,90
3001527,"Söding, Kata",Lieferant,1527,39,31,90,90
3001535,"Kade, Sükrü",Lieferant,1535,39,31,90,90
3001542,"Jäntsch, Utz",Lieferant,1542,39,31,90,90
3001589,"Zorbach, Emilie",Lieferant,1589,39,31,90,99
3001594,"Knappe, Magda",Lieferant,1594,39,31,90,99
3001601,"Klotz, Gundel",Lieferant,1601,39,31,90,90
3001623,"Karz, Filippo",Lieferant,1623,39,31,90,90
3001698,"Briemer, Josephine",Lieferant,1698,39,31,90,90
3001719,"Schacht, Dorota",Lieferant,1719,39,31,90,90
3001885,"Mälzer, Ingbert",Lieferant,1885,39,31,90,90
3001893,"Grein Groth, Roswitha",Lieferant,1893,39,31,90,90
3002019,"Beer, Hanns",Lieferant,2019,39,31,90,90
3002020,"Geisler, Dragan",Lieferant,2020,39,,90,90
3002055,"Putz, Anna-Maria",Lieferant,2055,39,,90,90
3002220,"Pohl, Lara",Lieferant,2220,39,31,90,90
3002335,"Krebs, Insa",Lieferant,2335,39,,90,90
3002394,"Keudel, Hermann-Josef",Lieferant,2394,39,31,90,90
3002460,"Schmidt, Adriane",Lieferant,2460,39,31,90,90
3002465,"Henk, Muzaffer",Lieferant,2465,39,31,90,90
3002479,"Heintze, Klaus Dieter",Lieferant,2479,39,31,90,90
3002492,"Reuter, Aysel",Lieferant,2492,39,31,90,90
3002503,"Dobes, Brunhild",Lieferant,2503,39,,90,90
3002512,"Wiek, Angelina",Lieferant,2512,39,31,90,90
3002598,"Pechel, Conny",Lieferant,2598,39,31,90,99
3002619,"Hendriks, Anna-Lena",Lieferant,2619,39,31,90,90
3002734,"Römer, Bayram",Lieferant,2734,39,31,90,99
3002740,"Weimer, Burkhardt",Lieferant,2740,39,31,90,90
3002798,"Baum, Robin",Lieferant,2798,39,31,90,90
3002801,"Geißler, Heidi",Lieferant,2801,39,31,90,90
3002906,"Käster, Kamil",Lieferant,2906,39,31,90,90
