KOKRS,COSTCENTER,VALID_FROM,VALID_TO,DEPARTMENT,COSTCENTER_TYPE,COSTCTR_HIER_GRP,COMP_CODE,CURRENCY,PROFIT_CTR,RECORD_QUANTITY,LOCK_IND_ACTUAL_REVENUES,LOCK_IND_PLAN_REVENUES,APPLICATION,NAME,DESCRIPT,FUNC_AREA,PERSON_IN_CHARGE_USER
1000,0454-5500,20270101,99991231,SP/HZA-ZOT1,H,0454-5,0454,EUR,A040100000,x,x,x,CO-001,Modernisation Sales,Modernisation Sales,2040,OGUZOZH
1000,0454-5505,20270101,99991231,SP/HZA-ZOT1,V,0454-5,0454,EUR,A040100000,x,,,CO-001,Technical Clarificat,Technical Clarification,3010,OGUZOZH
1000,0454-5510,20270101,99991231,SP/HZA-ZOT1,V,0454-5,0454,EUR,A040100000,x,,,CO-001,Technical Sales,Technical Sales,3010,OGUZOZH
1000,0454-5515,20270101,99991231,SP/HZA-ZOT1,V,0454-5,0454,EUR,A040100000,x,,,CO-001,Technical Quotation,Technical Quotation,3010,OGUZOZH
1000,0454-5600,20270101,99991231,SP/HZA-ZOS2,V,0454-5,0454,EUR,A040100000,x,,,CO-001,Sales Management,Sales Management,3010,MARQUMIC
1000,0454-5605,20270101,99991231,SP/HZA-ZOS2,V,0454-5,0454,EUR,A040100000,x,,,CO-001,Sales External Partn,Sales External Partners,3010,MARQUMIC
1000,0454-5610,20270101,20281231,SP/HZA-ZOS2,V,0454-5,0454,EUR,A040100000,x,,,CO-001,Key Account Manageme,Key Account Management,3010,MARQUMIC
1000,0454-5615,20270101,99991231,SP/HZA-ZOS2,V,0454-5,0454,EUR,A040100000,x,,,CO-001,Product Portfolio Sa,Product Portfolio Sales,3010,MARQUMIC
1000,0454-5705,20270101,99991231,SP/HZA-ZOO,V,0454-5,0454,EUR,A040100000,x,,,CO-001,Order Processing,Order Processing,3010,MARQUMIC
1000,0454-5710,20270101,99991231,SP/HZA-ZOO,V,0454-5,0454,EUR,A040100000,x,,,CO-001,Quotation Processing,Quotation Processing,3010,MARQUMIC
1000,0454-6400,20270101,99991231,SP/HZA-ZOM,O,0454-6,0454,EUR,A040100000,x,x,x,CO-001,Marketing Management,Marketing Management,2016,PUTZFAN
1000,0454-6405,20270101,99991231,SP/HZA-ZOM,O,0454-6,0454,EUR,A040100000,x,x,x,CO-001,Market Development,Market Development,2016,PUTZFAN
1000,0454-6410,20270101,99991231,SP/HZA-ZOM,V,0454-6,0454,EUR,A040100000,x,,,CO-001,Marketing and Commun,Marketing and Communications,3010,PUTZFAN
1000,0454-6420,20270101,99991231,SP/HZA-ZOM,V,0454-6,0454,EUR,A040100000,x,,,CO-001,Product Management,Product Management,3010,PUTZFAN
1000,4170-3000,20270101,99991231,SP/BVI-ZSW,F,4170-3,4170,EUR,A042000000,x,x,x,CO-001,Production Control,Production Control,2020,WEBERKLA
1000,4170-3005,20270101,99991231,SP/BVI-ZSW,F,4170-3,4170,EUR,A042000000,x,x,x,CO-001,Work Scheduling,Work Scheduling,2020,WEBERKLA
1000,4170-3010,20270101,99991231,SP/BVI-ZSW,F,4170-3,4170,EUR,A042000000,x,x,x,CO-001,Production Planning ,Production Planning and Control,2020,WEBERKLA
1000,4170-3200,20270101,99991231,SP/BVI-ZSX,O,4170-3,4170,EUR,A042000000,x,x,x,CO-001,Project Management O,Project Management Office,2016,HALLEFRA
1000,4170-3205,20270101,99991231,SP/BVI-ZSX,O,4170-3,4170,EUR,A042000000,x,x,x,CO-001,Project Management M,Project Management Machinery,2016,HALLEFRA
1000,4170-3210,20270101,99991231,SP/BVI-ZSX,O,4170-3,4170,EUR,A042000000,x,x,x,CO-001,Engineering Change M,Engineering Change Management,2016,HALLEFRA
1000,4170-3300,20270101,99991231,SP/BVI-ZSD,O,4170-3,4170,EUR,A042000000,x,x,x,CO-001,Design Management,Design Management,2016,POHLSFF
1000,4170-3305,20270101,99991231,SP/BVI-ZSD,O,4170-3,4170,EUR,A042000000,x,x,x,CO-001,Engineering Coordina,Engineering Coordination,2016,POHLSFF
1000,4170-3310,20270101,99991231,SP/BVI-ZSD,O,4170-3,4170,EUR,A042000000,x,x,x,CO-001,Mechanical Design Ma,Mechanical Design Machinery,2016,POHLSFF
1000,4170-3315,20270101,99991231,SP/BVI-ZSD,O,4170-3,4170,EUR,A042000000,x,x,x,CO-001,Mechanical Design To,Mechanical Design Tooling,2016,POHLSFF
1000,4170-3320,20270101,99991231,SP/BVI-ZSD,O,4170-3,4170,EUR,A042000000,x,x,x,CO-001,Mechanical Design Fi,Mechanical Design Fixtures,2016,POHLSFF
1000,4170-3325,20270101,99991231,SP/BVI-ZSD,O,4170-3,4170,EUR,A042000000,x,x,x,CO-001,Technical Documentat,Technical Documentation,2016,POHLSFF
1000,4170-3330,20270101,99991231,SP/BVI-ZSD,O,4170-3,4170,EUR,A042000000,x,x,x,CO-001,Standards and Norms,Standards and Norms,2016,POHLSFF
1000,4170-3400,20270101,99991231,SP/BVI-ZSE,O,4170-3,4170,EUR,A042000000,x,x,x,CO-001,Electrical Design Ha,Electrical Design Hardware,2016,POHLSFF
1000,4170-3405,20270101,99991231,SP/BVI-ZSE,O,4170-3,4170,EUR,A042000000,x,x,x,CO-001,Electrical Design So,Electrical Design Software,2016,POHLSFF
1000,4170-3410,20270101,99991231,SP/BVI-ZSE,O,4170-3,4170,EUR,A042000000,x,x,x,CO-001,Electrical Design Ha,Electrical Design Hardware,2016,POHLSFF
1000,4170-3415,20270101,99991231,SP/BVI-ZSE,O,4170-3,4170,EUR,A042000000,x,x,x,CO-001,Automation Engineeri,Automation Engineering,2016,POHLSFF
1000,4170-3500,20270101,99991231,SP/BVI-ZSY,O,4170-3,4170,EUR,A042000000,x,x,x,CO-001,Purchasing,Purchasing,2016,KNOPPDMI
1000,4170-3505,20270101,99991231,SP/BVI-ZSY,O,4170-3,4170,EUR,A042000000,x,x,x,CO-001,Strategic Purchasing,Strategic Purchasing,2016,KNOPPDMI
1000,4170-3510,20270101,99991231,SP/BVI-ZSY,O,4170-3,4170,EUR,A042000000,x,x,x,CO-001,Operational Purchasi,Operational Purchasing,2016,KNOPPDMI
1000,4170-3520,20270101,99991231,SP/BVI-ZSY,O,4170-3,4170,EUR,A042000000,x,x,x,CO-001,Purchasing Mechanica,Purchasing Mechanical Parts,2016,KNOPPDMI
1000,4170-3530,20270101,20280630,SP/BVI-ZSY,O,4170-3,4170,EUR,A042000000,x,x,x,CO-001,Subcontracting,Subcontracting,2016,KNOPPDMI
1000,4170-3535,20270101,99991231,SP/BVI-ZSY,F,4170-3,4170,EUR,A042000000,x,x,x,CO-001,Goods Receipt and In,Goods Receipt and Inspection,2020,KNOPPDMI
1000,4170-3540,20270101,99991231,SP/BVI-ZSY,F,4170-3,4170,EUR,A042000000,x,x,x,CO-001,Warehouse Raw Materi,Warehouse Raw Material,2020,KNOPPDMI
1000,4170-3550,20270101,99991231,SP/BVI-ZSY,F,4170-3,4170,EUR,A042000000,x,x,x,CO-001,Logistics and Shippi,Logistics and Shipping,2020,KNOPPDMI
1000,4170-3600,20270101,99991231,SP/BVI-ZSA,F,4170-3,4170,EUR,A042000000,x,x,x,CO-001,Assembly Management,Assembly Management,2020,KNOPPDMI
1000,4170-3605,20270101,99991231,SP/BVI-ZSA,F,4170-3,4170,EUR,A042000000,x,x,x,CO-001,Mechanical Assembly,Mechanical Assembly,2020,KNOPPDMI
1000,4170-3610,20270101,99991231,SP/BVI-ZSA,F,4170-3,4170,EUR,A042000000,x,x,x,CO-001,Electrical Assembly,Electrical Assembly,2020,KNOPPDMI
1000,4170-3615,20270101,99991231,SP/BVI-ZSA,F,4170-3,4170,EUR,A042000000,x,x,x,CO-001,Mechanical Commissio,Mechanical Commissioning,2020,KNOPPDMI
1000,4170-3700,20270101,99991231,SP/BVI-ZSC,O,4170-3,4170,EUR,A042000000,x,x,x,CO-001,Service Software Sup,Service Software Support,2016,ROESNRLA
1000,4170-3705,20270101,99991231,SP/BVI-ZSC,O,4170-3,4170,EUR,A042000000,x,x,x,CO-001,Service Documentatio,Service Documentation,2016,ROESNRLA
1000,4170-3710,20270101,99991231,SP/BVI-ZSC,F,4170-3,4170,EUR,A042000000,x,x,x,CO-001,Field Commissioning,Field Commissioning,2020,ROESNRLA
1000,4170-3715,20270101,99991231,SP/BVI-ZSC,H,4170-3,4170,EUR,A042000000,x,x,x,CO-001,Warranty Processing,Warranty Processing,2040,ROESNRLA
1000,4170-3720,20270101,99991231,SP/BVI-ZSC,H,4170-3,4170,EUR,A042000000,x,x,x,CO-001,Service Center,Service Center,2040,ROESNRLA
1000,4170-3725,20270101,99991231,SP/BVI-ZSC,H,4170-3,4170,EUR,A042000000,x,x,x,CO-001,Spare Parts Manageme,Spare Parts Management,2040,ROESNRLA
1000,4170-3730,20270101,99991231,SP/BVI-ZSC,H,4170-3,4170,EUR,A042000000,x,x,x,CO-001,Field Service,Field Service,2040,ROESNRLA
1000,4170-3735,20270101,20290331,SP/BVI-ZSC,H,4170-3,4170,EUR,A042000000,x,x,x,CO-001,Service Hotline,Service Hotline,2040,ROESNRLA
1000,4170-3740,20270101,99991231,SP/BVI-ZSC,H,4170-3,4170,EUR,A042000000,x,x,x,CO-001,Retrofit and Moderni,Retrofit and Modernisation,2040,ROESNRLA
1000,4170-3800,20270101,99991231,SP/BVI-ZSQ,O,4170-3,4170,EUR,A042000000,x,x,x,CO-001,Quality Management S,Quality Management System,2016,EIBERDNI
1000,4170-3805,20270101,99991231,SP/BVI-ZSQ,H,4170-3,4170,EUR,A042000000,x,x,x,CO-001,Supplier Quality Ass,Supplier Quality Assurance,2040,EIBERDNI
1000,4170-3810,20270101,99991231,SP/BVI-ZSQ,H,4170-3,4170,EUR,A042000000,x,x,x,CO-001,Quality Assurance,Quality Assurance,2040,EIBERDNI
1000,4170-3815,20270101,99991231,SP/BVI-ZSQ,H,4170-3,4170,EUR,A042000000,x,x,x,CO-001,Incoming Goods Inspe,Incoming Goods Inspection,2040,EIBERDNI
1000,4170-3820,20270101,99991231,SP/BVI-ZSQ,H,4170-3,4170,EUR,A042000000,x,x,x,CO-001,Measuring Room,Measuring Room,2040,EIBERDNI
1000,4170-3825,20270101,99991231,SP/BVI-ZSQ,H,4170-3,4170,EUR,A042000000,x,x,x,CO-001,Customer Complaint H,Customer Complaint Handling,2040,EIBERDNI
1000,4170-3900,20270101,99991231,SP/BVI-ZSM,F,4170-3,4170,EUR,A042000000,x,x,x,CO-001,Prototype Shop,Prototype Shop,2020,WEBERKLA
1000,4170-3905,20270101,99991231,SP/BVI-ZSM,F,4170-3,4170,EUR,A042000000,x,x,x,CO-001,Machining Management,Machining Management,2020,WEBERKLA
1000,4170-3910,20270101,99991231,SP/BVI-ZSM,F,4170-3,4170,EUR,A042000000,x,x,x,CO-001,Manufacturing Genera,Manufacturing General,2020,WEBERKLA
1000,4170-3915,20270101,99991231,SP/BVI-ZSM,F,4170-3,4170,EUR,A042000000,x,x,x,CO-001,Manufacturing Turnin,Manufacturing Turning,2020,WEBERKLA
1000,4170-3920,20270101,99991231,SP/BVI-ZSM,F,4170-3,4170,EUR,A042000000,x,x,x,CO-001,Manufacturing Millin,Manufacturing Milling,2020,WEBERKLA
1000,4170-3925,20270101,99991231,SP/BVI-ZSM,F,4170-3,4170,EUR,A042000000,x,x,x,CO-001,Manufacturing Grindi,Manufacturing Grinding,2020,WEBERKLA
1000,4170-3930,20270101,99991231,SP/BVI-ZSM,F,4170-3,4170,EUR,A042000000,x,x,x,CO-001,Manufacturing EDM,Manufacturing EDM,2020,WEBERKLA
1000,4170-3935,20270101,99991231,SP/BVI-ZSM,F,4170-3,4170,EUR,A042000000,x,x,x,CO-001,Manufacturing Sheet ,Manufacturing Sheet Metal,2020,WEBERKLA
1000,4170-3940,20270101,99991231,SP/BVI-ZSM,F,4170-3,4170,EUR,A042000000,x,x,x,CO-001,Manufacturing Weldin,Manufacturing Welding,2020,WEBERKLA
1000,4170-3950,20270101,20301231,SP/BVI-ZSM,F,4170-3,4170,EUR,A042000000,x,x,x,CO-001,Tool Shop,Tool Shop,2020,WEBERKLA
1000,4170-6200,20270101,99991231,SP/BVI-ZS,O,4170-6,4170,EUR,A042000000,x,x,x,CO-001,Location Management,Location Management,2016,EIBERDNI
1000,4170-6205,20270101,99991231,SP/BVI-ZS,O,4170-6,4170,EUR,A042000000,x,x,x,CO-001,Management Assistanc,Management Assistance,2016,EIBERDNI
1000,4170-6210,20270101,20291231,SP/BVI-ZS,O,4170-6,4170,EUR,A042000000,x,x,x,CO-001,Corporate Strategy,Corporate Strategy,2016,EIBERDNI
1000,4170-6215,20270101,99991231,SP/BVI-ZS,O,4170-6,4170,EUR,A042000000,x,x,x,CO-001,Legal Affairs and Co,Legal Affairs and Compliance,2016,EIBERDNI
1000,4170-6225,20270101,99991231,SP/BVI-ZS,O,4170-6,4170,EUR,A042000000,x,x,x,CO-001,Corporate Developmen,Corporate Development,2016,EIBERDNI
1000,4170-6230,20270101,99991231,SP/BVI-ZS,O,4170-6,4170,EUR,A042000000,x,x,x,CO-001,Payroll Accounting,Payroll Accounting,2016,EIBERDNI
1000,4170-6235,20270101,99991231,SP/BVI-ZS,O,4170-6,4170,EUR,A042000000,x,x,x,CO-001,Human Resources Oper,Human Resources Operations,2016,EIBERDNI
1000,4170-6240,20270101,99991231,SP/BVI-ZS,O,4170-6,4170,EUR,A042000000,x,x,x,CO-001,Personnel Developmen,Personnel Development,2016,EIBERDNI
1000,4170-6245,20270101,99991231,SP/BVI-ZS,O,4170-6,4170,EUR,A042000000,x,x,x,CO-001,Information Technolo,Information Technology,2016,EIBERDNI
1000,4170-6255,20270101,99991231,SP/BVI-ZS,O,4170-6,4170,EUR,A042000000,x,x,x,CO-001,Apprentice Workshop,Apprentice Workshop,2016,EIBERDNI
1000,4170-6260,20270101,99991231,SP/BVI-ZS,O,4170-6,4170,EUR,A042000000,x,x,x,CO-001,Technical Training,Technical Training,2016,EIBERDNI
1000,4170-6300,20270101,99991231,SP/BVI-ZSF,O,4170-6,4170,EUR,A042000000,x,x,x,CO-001,Internal Audit,Internal Audit,2016,ZUBERMRK
1000,4170-6305,20270101,99991231,SP/BVI-ZSF,O,4170-6,4170,EUR,A042000000,x,x,x,CO-001,Financial Accounting,Financial Accounting,2016,ZUBERMRK
1000,4170-6310,20270101,99991231,SP/BVI-ZSF,O,4170-6,4170,EUR,A042000000,x,x,x,CO-001,Controlling,Controlling,2016,ZUBERMRK
1000,4170-6315,20270101,99991231,SP/BVI-ZSF,O,4170-6,4170,EUR,A042000000,x,x,x,CO-001,Treasury and Cash Ma,Treasury and Cash Management,2016,ZUBERMRK
1000,4170-6320,20270101,99991231,SP/BVI-ZSF,O,4170-6,4170,EUR,A042000000,x,x,x,CO-001,Personnel Controllin,Personnel Controlling,2016,ZUBERMRK
1000,4170-6400,20270101,99991231,SP/BVI-ZSB,O,4170-6,4170,EUR,A042000000,x,x,x,CO-001,Occupational Safety ,Occupational Safety and Health,2016,PUTZFAN
1000,4170-6410,20270101,99991231,SP/BVI-ZSB,F,4170-6,4170,EUR,A042000000,x,x,x,CO-001,Maintenance and Repa,Maintenance and Repair,2020,PUTZFAN
1000,4170-6415,20270101,99991231,SP/BVI-ZSB,F,4170-6,4170,EUR,A042000000,x,x,x,CO-001,Facility Services,Facility Services,2020,PUTZFAN
