project no.,cost object,production order no.,production order status,value type,period,cost element,cost element name,amount
P6324669,000079820149,,,KAWV,4/2026,810310,"Revenue - special-purpose machinery, domestic, third party","-1295272,79"
P6324669,000064025083,73435,started,ISWV,10/2026,302110,"Purchased parts, third party, consumption","166913,68"
P6324669,000014773459,,,ISWV,1/2024,326120,Travel expenses,"275031,74"
P6324669,000001723745,65050,started,ISWV,1/2024,931349,"Internal activity allocation - assembly, mechanical","132419,06"
P6324669,000029895318,73445,started,ISWF,6/2025,937022,"WIP migration, hours assembly","120000,00"
P6324669,000076658265,27756,started,ISWF,1/2026,308010,"External processing of products, third party","48500,00"
P2047828,000098220806,,,KAWV,4/2024,810320,"Revenue - special-purpose machinery, export, third party","-463062,13"
P2047828,000020869179,17875,started,ISWV,12/2025,937040,Overhead revaluation,"118143,90"
P2047828,000034323537,,,ISWV,3/2024,931316,"Internal activity allocation - assembly, manufacturing","117780,05"
P2047828,000070602593,27112,started,ISWV,8/2026,937022,"WIP migration, hours assembly","95110,58"
P2047828,000020108213,64271,started,ISWF,10/2026,302140,"Purchased parts, third party, order balance","88000,00"
P4007115,000050570953,,,KAWV,8/2024,810310,"Revenue - special-purpose machinery, domestic, third party","-3375952,96"
P4007115,000076006211,26549,started,ISWV,11/2024,305110,"Semi-finished products, consumption","2753180,00"
P4007115,000045441194,,,ISWV,9/2026,937040,Overhead revaluation,"1450900,00"
P4007115,000071538594,48109,started,ISWV,2/2025,937022,"WIP migration, hours assembly","635250,00"
P4007115,000074300461,,,ISWV,4/2025,327040,Other costs,"306271,41"
P4007115,000033955302,41964,started,ISWF,7/2026,327040,Other costs,"900000,00"
P4007115,000025965260,65575,started,ISWF,2/2024,931653,"Internal activity allocation - design, electrical and software","412000,00"
P4007115,000033887712,59524,cancelled,ISWV,4/2024,308010,"External processing of products, third party","100000,00"
P4130896,000008349601,,,KAWV,11/2026,810310,"Revenue - special-purpose machinery, domestic, third party","-789450,00"
P4130896,000038268290,22760,started,ISWV,10/2026,302110,"Purchased parts, third party, consumption","275031,74"
P4130896,000063037683,,,ISWV,6/2025,931654,"Internal activity allocation - assembly, other","100871,68"
P4130896,000086406064,34858,started,ISWV,5/2024,937040,Overhead revaluation,"48847,31"
P4130896,000066642184,72947,started,ISWF,6/2025,937020,"WIP migration, hours design","95000,00"
P2292678,000048788913,,,KAWV,1/2025,810310,"Revenue - special-purpose machinery, domestic, third party","-34496,00"
P2292678,000069343834,35490,started,ISWV,2/2024,305110,"Semi-finished products, consumption","31543,62"
P2292678,000057710653,,,ISWV,4/2024,937022,"WIP migration, hours assembly","26287,69"
P2292678,000012733599,86400,started,ISWV,2/2024,302110,"Purchased parts, third party, consumption","11691,19"
P2292678,000005565962,94194,started,ISWF,7/2025,931653,"Internal activity allocation - design, electrical and software","18000,00"
P5541992,000045730759,,,KAWV,12/2026,810310,"Revenue - special-purpose machinery, domestic, third party","-2800000,00"
P5541992,000074150443,,,KAWV,4/2026,810310,"Revenue - special-purpose machinery, domestic, third party","-350000,00"
P5602622,000080307851,,,KAWV,5/2024,810310,"Revenue - special-purpose machinery, domestic, third party","-660000,00"
P5602622,000024641544,41490,started,ISWV,4/2026,931653,"Internal activity allocation - design, electrical and software","120000,00"
P5602622,000079576892,,,ISWV,5/2024,327040,Other costs,"95416,12"
P5602622,000031528960,60663,started,ISWV,11/2026,937010,"WIP migration, material","50000,00"
P5602622,000062420466,82775,started,ISWF,7/2025,305110,"Semi-finished products, consumption","60000,00"
P5602622,000098783236,36504,started,ISWF,7/2026,931653,"Internal activity allocation - design, electrical and software","21500,00"
P5602622,000015845528,66574,cancelled,ISWV,3/2024,300110,"Raw material metal, consumption","500000,00"
P7670493,000028531253,,,KAWV,5/2024,810310,"Revenue - special-purpose machinery, domestic, third party","-36340,00"
P7670493,000072722967,41768,started,ISWV,11/2025,937010,"WIP migration, material","31543,62"
P7670493,000070780725,,,ISWV,7/2025,937022,"WIP migration, hours assembly","15000,00"
P7670493,000030612288,48290,started,ISWV,7/2024,931349,"Internal activity allocation - assembly, mechanical","11525,23"
P7670493,000009577119,33280,started,ISWF,9/2024,302140,"Purchased parts, third party, order balance","20000,00"
P7670493,000010310586,52858,started,ISWF,4/2026,326120,Travel expenses,"7300,00"
P7182271,000097905725,,,KAWV,12/2025,810320,"Revenue - special-purpose machinery, export, third party","-191437,00"
P7182271,000098110694,37955,started,ISWV,8/2026,937040,Overhead revaluation,"45792,65"
P7182271,000064984774,,,ISWV,2/2025,327040,Other costs,"25000,00"
P7182271,000053653232,44762,started,ISWV,4/2026,305110,"Semi-finished products, consumption","15000,00"
P7182271,000017471433,12233,started,ISWF,7/2025,931654,"Internal activity allocation - assembly, other","30000,00"
P7182271,000066540842,59894,cancelled,ISWV,2/2024,326120,Travel expenses,"150000,00"
P7217359,000029735558,,,KAWV,9/2026,810320,"Revenue - special-purpose machinery, export, third party","-4225000,00"
P7217359,000007726373,62229,started,ISWV,2/2024,302110,"Purchased parts, third party, consumption","635250,00"
P7217359,000080639321,,,ISWV,7/2024,937020,"WIP migration, hours design","200063,23"
P7217359,000060588653,16693,started,ISWV,4/2026,305110,"Semi-finished products, consumption","200000,00"
P7217359,000091948778,72768,started,ISWF,9/2026,302140,"Purchased parts, third party, order balance","400000,00"
P7217359,000029845358,88095,started,ISWF,4/2024,305110,"Semi-finished products, consumption","118000,00"
P3454697,000085325499,,,KAWV,2/2026,810320,"Revenue - special-purpose machinery, export, third party","-36340,00"
P3454697,000083183223,26252,started,ISWV,7/2025,931316,"Internal activity allocation - assembly, manufacturing","31543,62"
P3454697,000090382129,,,ISWV,3/2026,308010,"External processing of products, third party","20000,00"
P3454697,000003926802,81789,started,ISWV,11/2025,302140,"Purchased parts, third party, order balance","17210,54"
P3454697,000098451856,74395,started,ISWF,8/2026,305110,"Semi-finished products, consumption","22000,00"
P3454697,000039734564,40192,started,ISWF,4/2026,302110,"Purchased parts, third party, consumption","9100,00"
P5915537,000010885946,,,KAWV,9/2026,810310,"Revenue - special-purpose machinery, domestic, third party","-36340,00"
P5915537,000054156145,49707,started,ISWV,7/2025,308010,"External processing of products, third party","1865,41"
P5915537,000080397513,,,ISWV,10/2024,931653,"Internal activity allocation - design, electrical and software","854,40"
P5915537,000020963729,80193,started,ISWV,12/2025,937010,"WIP migration, material","495,08"
P5915537,000049131389,88573,started,ISWF,8/2024,937040,Overhead revaluation,"1200,00"
P5915537,000008962065,75225,cancelled,ISWV,4/2024,932090,Project overhead,"40000,00"
P9919138,000087765356,29933,started,ISWV,7/2026,302140,"Purchased parts, third party, order balance","142,00"
P9919138,000018579942,11880,started,ISWF,7/2025,931654,"Internal activity allocation - assembly, other","44,00"
P6302502,000013610296,,,KAWV,2/2026,810310,"Revenue - special-purpose machinery, domestic, third party","-84500,00"
P6302502,000060325123,29996,started,ISWV,11/2026,931653,"Internal activity allocation - design, electrical and software","12345,67"
P6302502,000005326395,,,ISWV,5/2024,931349,"Internal activity allocation - assembly, mechanical","4000,00"
P6302502,000074376132,52864,started,ISWV,11/2026,327040,Other costs,"2337,54"
P6302502,000036849623,95928,started,ISWF,5/2024,308010,"External processing of products, third party","6000,00"
P6302502,000002182785,41929,started,ISWF,2/2024,302140,"Purchased parts, third party, order balance","2150,00"
P6108627,000046843774,,,KAWV,1/2026,810310,"Revenue - special-purpose machinery, domestic, third party","-180000,00"
P6108627,000075587364,10652,started,ISWV,10/2025,300110,"Raw material metal, consumption","26327,60"
P6108627,000003162678,,,ISWV,12/2026,326120,Travel expenses,"10000,00"
P6108627,000024298404,61144,started,ISWV,9/2025,937040,Overhead revaluation,"5292,06"
P6108627,000071735803,62701,started,ISWF,1/2026,931316,"Internal activity allocation - assembly, manufacturing","13000,00"
P6108627,000048624256,11704,started,ISWF,7/2026,937040,Overhead revaluation,"4800,00"
P4103381,000088454646,,,KAWV,11/2025,810310,"Revenue - special-purpose machinery, domestic, third party","-24600,00"
P4103381,000009282801,20026,started,ISWV,11/2024,305110,"Semi-finished products, consumption","12194,00"
P4103381,000023525395,,,ISWV,11/2025,931316,"Internal activity allocation - assembly, manufacturing","7884,63"
P4103381,000076503947,73899,started,ISWV,8/2025,937021,"WIP migration, hours manufacturing","4929,28"
P4103381,000057353530,13405,started,ISWF,8/2026,302110,"Purchased parts, third party, consumption","8000,00"
P4103381,000028272756,82981,cancelled,ISWV,3/2026,300110,"Raw material metal, consumption","9000,00"
P8785311,000098831328,,,KAWV,3/2024,810320,"Revenue - special-purpose machinery, export, third party","-432111,00"
P8785311,000047599319,43833,started,ISWV,3/2026,308010,"External processing of products, third party","4983,03"
P8785311,000033027072,,,ISWV,6/2025,931316,"Internal activity allocation - assembly, manufacturing","2838,13"
P8785311,000017540233,50963,started,ISWV,1/2025,300110,"Raw material metal, consumption","1643,39"
P8785311,000003128751,89775,started,ISWF,5/2024,937010,"WIP migration, material","3000,00"
P7876841,000088081349,,,KAWV,5/2024,810320,"Revenue - special-purpose machinery, export, third party","-680028,12"
P7876841,000079302772,89963,started,ISWV,3/2026,300110,"Raw material metal, consumption","120000,00"
P7876841,000017319610,,,ISWV,5/2024,931653,"Internal activity allocation - design, electrical and software","80000,00"
P7876841,000006523953,93691,started,ISWF,12/2025,931654,"Internal activity allocation - assembly, other","50000,00"
P5497994,000040416773,,,KAWV,7/2025,810320,"Revenue - special-purpose machinery, export, third party","-70296,00"
P5497994,000017640330,32711,started,ISWV,3/2026,305110,"Semi-finished products, consumption","15000,00"
P5497994,000094757935,30172,started,ISWF,11/2026,326120,Travel expenses,"5000,00"
