MATNR,MAKTX,POSNR,POSTP,IDNRK,MAKTX_COMP,MENGE,MEINS_POS,POTX1
2549910000000,M-14324743 DRIVER SLIDE 50 MM,1,L,2549450000000,M-47002432 DRAWING DEVICE 100 MM,12,ST,
2549910000000,M-14324743 DRIVER SLIDE 50 MM,2,L,2550670000001,ANGLE STOP 90 DEG 150 MM,29,ST,
2549910000000,M-14324743 DRIVER SLIDE 50 MM,3,L,2548310000000,CASTLE NUT M16 DIN935,22,ST,
2549910000000,M-14324743 DRIVER SLIDE 50 MM,4,L,2550140000001,TENSION BLOCK 60X60 MM,3,ST,
2550120000001,M-89704305 ANGLE MOUNTING 100X100 MM,2000,L,2548970000000,PLATE 200X100X10 MM,19,ST,
2550120000001,M-89704305 ANGLE MOUNTING 100X100 MM,2005,L,2550140000000,TRAVEL RATCHET 1/2 INCH,29,ST,
2550120000001,M-89704305 ANGLE MOUNTING 100X100 MM,2010,L,2548420000001,WALL RAIL 1000 MM,11,ST,
2550120000001,M-89704305 ANGLE MOUNTING 100X100 MM,2015,L,2549880000000,M-13587228 WORKPIECE GUIDE 500 MM,20,ST,
2548390000000,T-33358765 DEFLECTION WHEEL D100 MM,2000,L,2550430000001,WELDING CABLE 35MM2 5M,"9584,19",MM,
2548390000000,T-33358765 DEFLECTION WHEEL D100 MM,2005,L,2550080000000,LOCK WASHER M8 DIN127,4,ST,
2548390000000,T-33358765 DEFLECTION WHEEL D100 MM,2010,L,2550570000000,CLAMPING BLOCK 100X60 MM,17,ST,
2548390000000,T-33358765 DEFLECTION WHEEL D100 MM,2015,L,2550430000000,LINEAR SLIDE 100 MM,17,ST,
2549240000000,T-51780924 AXIAL GROOVE 5 MM,1,L,2550050000000,BRUSH HOLDER 50 MM,26,ST,
2549240000000,T-51780924 AXIAL GROOVE 5 MM,2,L,2549060000000,SLOTTED PLATE 100X100 MM,1,ST,
2549240000000,T-51780924 AXIAL GROOVE 5 MM,3,L,2550370000000,SLIDING RING D50 MM,11,ST,
2549240000000,T-51780924 AXIAL GROOVE 5 MM,4,L,2550010000000,MOTOR BLOCK 200X150 MM,7,ST,
2549240000000,T-51780924 AXIAL GROOVE 5 MM,5,L,2550160000000,SQUARE 20X20 MM,26,ST,
2550120000000,T-33801157 STRAP PIECE 100 MM,2000,L,2550480000000,SCREW CONNECTION G1/4 - 8MM,2,ST,
2550120000000,T-33801157 STRAP PIECE 100 MM,2005,L,2550710000000,T-71256305 ANGLE MOUNTING 100X100 MM,5,ST,
2550120000000,T-33801157 STRAP PIECE 100 MM,2010,L,2550330000000,COUNTER RING D50 MM,"14957,49",MM,
2550120000000,T-33801157 STRAP PIECE 100 MM,2015,L,2549200000000,LIFTING DEVICE 500 KG,31,ST,
2550120000000,T-33801157 STRAP PIECE 100 MM,2020,L,2550170000000,TOOTHED SLIDE 100 MM T5,8,ST,
2550650000000,M-40163073 PROTECTIVE SHELL D80 MM,3,L,2550350000000,HONEYCOMB 200X200 MM,"3077,75",M,
2550650000000,M-40163073 PROTECTIVE SHELL D80 MM,4,L,2550260000000,SEPARATION PLATE 150X100 MM,2,ST,
2550650000000,M-40163073 PROTECTIVE SHELL D80 MM,5,L,2549610000000,GUIDE PIPE D25X2X300 MM,"20968,65",MM,
2550650000000,M-40163073 PROTECTIVE SHELL D80 MM,7,L,2550050000001,CUTTING EDGE R0.4,5,ST,
2550650000000,M-40163073 PROTECTIVE SHELL D80 MM,8,L,2550730000000,INSERT PIN D4X20 MM,14,ST,
2550650000000,M-40163073 PROTECTIVE SHELL D80 MM,9,L,2549770000000,CLAMPING BLOCK 80X50 MM,24,ST,
2550650000000,M-40163073 PROTECTIVE SHELL D80 MM,10,L,2550380000000,SLIDE BUSHING D20/D16X20 MM,"9902,37",MM,
2550650000000,M-40163073 PROTECTIVE SHELL D80 MM,12,L,2549360000000,M-12598739 MOLDED PART COMPLETE 100X50 MM,32,ST,
2550650000000,M-40163073 PROTECTIVE SHELL D80 MM,13,L,2549580000000,STROBE 24V FLASH,26,ST,
2550650000000,M-40163073 PROTECTIVE SHELL D80 MM,14,L,2550050000001,CUTTING EDGE R0.4,23,ST,
2550650000000,M-40163073 PROTECTIVE SHELL D80 MM,18,L,2550290000000,M-76518947 FINE ADJUSTMENT COMPLETE 0-2 MM,15,ST,
2550650000001,M-79887504 HYDRAULIC KNIFE 200 MM,5,L,2548790000000,M-71079492 DISPLAY COMPLETE 7 INCH,26,ST,
2550650000001,M-79887504 HYDRAULIC KNIFE 200 MM,8,L,2549090000000,LOCKING PLATE 100X80 MM,22,ST,
2550650000001,M-79887504 HYDRAULIC KNIFE 200 MM,11,L,2549000000000,DRUM HEAD D300 MM,2,ST,
2550650000001,M-79887504 HYDRAULIC KNIFE 200 MM,12,L,2548220000000,TABLE TOP 1000X700X30 MM,"23547,08",MM,
2550650000001,M-79887504 HYDRAULIC KNIFE 200 MM,13,L,2550180000000,M-36401514 SUMP 5 L,18,ST,
2550650000001,M-79887504 HYDRAULIC KNIFE 200 MM,15,L,2550740000000,RAM GUIDE 400 MM,"16493,13",MM,
2550650000001,M-79887504 HYDRAULIC KNIFE 200 MM,16,L,2548710000000,M-41811462 SPINDLE SLEEVE D30/D20X40 MM,18,ST,
2550650000001,M-79887504 HYDRAULIC KNIFE 200 MM,20,L,2549970000000,M-19428070 CLAMPING BAND 500X20 MM,2,ST,
2550650000001,M-79887504 HYDRAULIC KNIFE 200 MM,21,L,2550610000000,STAND UNIT 800 MM,13,ST,
2550650000001,M-79887504 HYDRAULIC KNIFE 200 MM,42,L,2549290000000,M-52781244 CABLE CONNECTION M20X1.5,"19203,53",MM,
2550650000001,M-79887504 HYDRAULIC KNIFE 200 MM,45,L,2550040000000,M-60315849 DIVIDER RING D60 MM,31,ST,
2550650000001,M-79887504 HYDRAULIC KNIFE 200 MM,46,L,3051440000000,SPINDLE BLOCK 80X80 MM,16,ST,
2550650000001,M-79887504 HYDRAULIC KNIFE 200 MM,47,L,2550400000000,CENTER PIECE 50 MM,15,ST,
2550650000001,M-79887504 HYDRAULIC KNIFE 200 MM,50,L,2550750000005,M-79866287 CLAMPS D20-25 MM,"12644,84",MM,
2550650000001,M-79887504 HYDRAULIC KNIFE 200 MM,51,L,3051440000000,SPINDLE BLOCK 80X80 MM,31,ST,
2550650000001,M-79887504 HYDRAULIC KNIFE 200 MM,52,L,2550400000000,CENTER PIECE 50 MM,19,ST,
2550650000001,M-79887504 HYDRAULIC KNIFE 200 MM,60,L,2549550000000,M-29351557 WORKPIECE STOPS 50 MM,12,ST,
2550650000001,M-79887504 HYDRAULIC KNIFE 200 MM,61,L,2548290000000,CLAMPING UNIT 100 MM,2,ST,
2550650000001,M-79887504 HYDRAULIC KNIFE 200 MM,62,L,2548420000000,GUIDE LEVER 150 MM,19,ST,
2550130000000,T-17633801 CAM DISK D120 MM,1,L,3051450000003,DIE HOLDER D50 MM,25,ST,
2550130000000,T-17633801 CAM DISK D120 MM,2,L,3051450000002,T-61954435 CAM DISK D120 MM,"14042,38",MM,
2550130000000,T-17633801 CAM DISK D120 MM,3,L,3051450000001,STRAIGHTENING BLOCK 80X80 MM,31,ST,
2550130000000,T-17633801 CAM DISK D120 MM,5,L,2548180000000,T-85440212 BRUSH STRIP 1000 MM,3,ST,
2550660000000,M-95081138 CHANGE TABLE 400X300 MM,5,L,2549500000000,M-48550123 RUBBER WASHER D20X8X2 MM,18,ST,
2550660000000,M-95081138 CHANGE TABLE 400X300 MM,10,L,2550750000000,WIRE STRAIGHTENING ROLLERS D20 MM,"18600,63",MM,
2550660000000,M-95081138 CHANGE TABLE 400X300 MM,15,L,2550490000000,RUNNING PIECE 50 MM,11,ST,
2550660000000,M-95081138 CHANGE TABLE 400X300 MM,20,L,3051450000000,PLUG FEEDTHROUGH M20,"13250,19",MM,
2550660000000,M-95081138 CHANGE TABLE 400X300 MM,25,L,2550260000001,CONNECTING PIECE COMPLETE D20 MM,27,ST,
2550660000000,M-95081138 CHANGE TABLE 400X300 MM,30,L,2549400000000,CAM GUIDE 150 MM,"20443,17",M,
2550660000000,M-95081138 CHANGE TABLE 400X300 MM,35,L,2550750000002,GEAR BLOCK 80X80 MM,6,ST,
2550660000000,M-95081138 CHANGE TABLE 400X300 MM,40,L,2548610000000,CONVEYING 100 KG/H,22,ST,
2548250000000,T-36349212 WIRE FEED UNIT 0.8-1.2 MM,1,L,2548740000000,T-96244752 TACT UNIT 24V,12,ST,
2548250000000,T-36349212 WIRE FEED UNIT 0.8-1.2 MM,2,L,2550750000001,T-43533163 CLAMPING JAWS 80 MM,24,ST,
2548250000000,T-36349212 WIRE FEED UNIT 0.8-1.2 MM,3,L,2549650000000,T-59415573 REAGENT 500 ML,28,ST,
2548250000000,T-36349212 WIRE FEED UNIT 0.8-1.2 MM,4,L,3051460000000,T-17887632 INSULATION 10 MM,18,ST,
2548120000000,M-84897326 MILLING CUTTER D10 MM,1,L,2550750000006,M-81959171 OILER 100 ML,27,ST,
2548120000000,M-84897326 MILLING CUTTER D10 MM,2,L,2549150000000,M-26456376 OILER 100 ML,1,ST,
2548120000000,M-84897326 MILLING CUTTER D10 MM,3,L,2550400000001,M-72622857 WORKPIECE STRIP 400 MM,"3608,79",MM,
2548120000000,M-84897326 MILLING CUTTER D10 MM,101,L,2550750000004,CABLE GUIDE D4MM,15,ST,
2548120000000,M-84897326 MILLING CUTTER D10 MM,102,L,2550750000003,BENDING JAW R5 20 MM,"15197,94",MM,
2548120000000,M-84897326 MILLING CUTTER D10 MM,201,L,2549270000001,CONNECTION G1/2,"2175,25",MM,
2548120000000,M-84897326 MILLING CUTTER D10 MM,202,L,2550590000000,CASSETTE 100X50 MM,3,ST,
2548120000000,M-84897326 MILLING CUTTER D10 MM,203,L,3051460000001,BUZZER 24VDC 85DB,30,ST,
2548120000000,M-84897326 MILLING CUTTER D10 MM,204,L,2548710000001,SPACER PLATE 100X50X2 MM,13,ST,
2548120000000,M-84897326 MILLING CUTTER D10 MM,205,L,2549260000003,POSITION MEASUREMENT SYSTEM OPTICAL 500MM,32,ST,
2548120000000,M-84897326 MILLING CUTTER D10 MM,206,L,2550760000000,BACK PLUG M12X1.5,7,ST,
2550310000000,T-17173319 DISTRIBUTOR BLOCK 6-PORT,1,L,2550760000001,T-48285950 TOWER 1500 MM,"17516,26",M,
2550310000000,T-17173319 DISTRIBUTOR BLOCK 6-PORT,2,L,2548640000000,T-95206875 GUIDE RADIUS R20,32,ST,
2550310000000,T-17173319 DISTRIBUTOR BLOCK 6-PORT,200,L,2548410000000,CABLE TENSIONER 200N,17,ST,
2550310000000,T-17173319 DISTRIBUTOR BLOCK 6-PORT,201,L,2550920000000,SEALING FLANGE DN40,29,ST,
2550670000000,M-69908438 VACUUM PROBE 50 MM,10,L,2549270000000,OIL RING D40X3 MM,"4934,38",M,
2550670000000,M-69908438 VACUUM PROBE 50 MM,15,L,2549270000000,OIL RING D40X3 MM,29,ST,
2550670000000,M-69908438 VACUUM PROBE 50 MM,20,L,2550760000002,TONGUE HOLDER 40X40 MM,11,ST,
2550670000000,M-69908438 VACUUM PROBE 50 MM,25,L,2550760000002,TONGUE HOLDER 40X40 MM,24,ST,
2549020000000,M-87657686 SEALING DISC D25X1.5 MM,5,L,2549260000002,PROTECTIVE SWITCH 16A 3-POLE,15,ST,
2549020000000,M-87657686 SEALING DISC D25X1.5 MM,20,L,2549260000000,ROD D12X500 MM,"3362,05",MM,
2549020000000,M-87657686 SEALING DISC D25X1.5 MM,25,L,2549260000001,CENTRING HEAD D50 MM,4,ST,
2549020000000,M-87657686 SEALING DISC D25X1.5 MM,35,L,2550770000000,ANGLE CARRIER 200 MM 90DEG,12,ST,
2549020000000,M-87657686 SEALING DISC D25X1.5 MM,40,L,2549770000001,ANGLE CARRIER 200 MM 90DEG,23,ST,
2549020000000,M-87657686 SEALING DISC D25X1.5 MM,45,L,2550540000000,POSITIONING RING D50 MM,22,ST,
2549020000000,M-87657686 SEALING DISC D25X1.5 MM,50,L,2550770000001,CABLE FEEDTHROUGH D20 MM,32,ST,
2549020000000,M-87657686 SEALING DISC D25X1.5 MM,55,L,2550910000000,WIRE GUIDE BLOCK 50X30 MM,"13396,78",MM,
2549020000000,M-87657686 SEALING DISC D25X1.5 MM,60,L,2550780000000,OIL HOSE D10X2 2M,18,ST,
2549020000000,M-87657686 SEALING DISC D25X1.5 MM,75,L,2548250000001,FORM 100X50 MM,22,ST,
2549020000000,M-87657686 SEALING DISC D25X1.5 MM,80,L,2548560000000,DRAW SPINDLE TR18X4X250 MM,9,ST,
