price list no.,item no.,part no.,description,quantity base,currency,validity,valid from date,price
5303,11530,1000-2556,punch mandrel d12 mm,Per 1 UoM,EUR,valid from,,"8736,03"
5303,6330,1000-4068,swivel bolt d16x80 mm,Per 1 UoM,EUR,generally valid,,"12733,37"
5303,6355,1000-4567,pulley d60 mm,Per 1 UoM,EUR,valid from,,"3220,92"
5303,33650,1000-4577,pressure cylinder d50x100 mm,Per 1 UoM,EUR,valid from,,"7810,71"
5303,61245,1000-5435,path 500 mm,Per 1 UoM,EUR,generally valid,,"7791,71"
5303,65450,1001-0944,centring holder d30 mm,Per 1 UoM,EUR,valid from,37681,"2797,61"
5303,9795,1001-3327,spring slide 50 mm,Per 1 UoM,EUR,valid from,37681,"12415,56"
5303,35695,1001-3921,brake pad 40x40 mm,Per 1 UoM,EUR,valid from,,"12516,65"
5303,50590,1001-4240,reinforcement 3.0 mm,Per 1 UoM,USD,valid from,37681,"11223,98"
5303,3050,1001-4818,shaft mount d47 mm,Per 1 UoM,EUR,valid from,,"8077,83"
5303,32740,1001-4847,housing plate 180x130 mm,Per 1 UoM,EUR,valid from,37681,"4180,42"
5303,15730,1001-5269,gearing m1.5 z=20,Per 1 UoM,EUR,valid from,,"12554,66"
5303,13090,1001-5423,transformer 400v/230vac 500va,Per 1 UoM,EUR,valid from,,"9730,93"
5303,60755,1001-6569,flange motor 0.37 kw,Per 1 UoM,EUR,valid from,37681,"11153,58"
5303,51880,1001-6842,transport arm 400 mm,Per 1 UoM,EUR,valid from,,"7083,19"
5303,18960,1002-0039,straightening rods d12x300 mm,Per 1 UoM,USD,valid from,37681,"6948,75"
5303,66190,1002-2500,distributor unit 8-way,Per 1 UoM,EUR,valid from,37681,"5861,56"
5303,60935,1002-3230,terminal block 12-pole,Per 1 UoM,USD,valid from,37681,"6731,35"
5303,3330,1002-5450,star wheel d100 z=10,Per 1 UoM,USD,generally valid,,"11733,49"
5303,3110,1002-5549,cylinder mount d32 mm,Per 1 UoM,EUR,generally invalid,,"6230,60"
5303,1680,1002-5559,wheel complete d100 mm,Per 1 UoM,EUR,valid from,,"2238,47"
5303,32150,1002-5589,light barrier npn 24v 5m,Per 1 UoM,USD,valid from,,"8946,64"
5303,31055,1002-5682,piston head d50 mm,Per 1 UoM,EUR,valid from,37681,"12269,98"
5303,1820,1002-7256,clamping flange d100 mm,Per 1 UoM,EUR,valid from,37681,"12779,88"
5303,67311,1003-0673,frame 500x400 mm,Per 1 UoM,EUR,generally valid,,"5390,86"
5303,70466,1004-6455,ram ring d100 mm,Per 1 UoM,USD,valid from,37681,"6699,83"
5303,26740,3000-1179,bending mandrel d12 mm,Per 1 UoM,USD,valid from,,"11003,75"
5303,38945,3000-2467,clamping segment 45 deg,Per 1 UoM,EUR,valid from,37681,"1418,79"
5303,19220,3000-2767,joint d16 mm,Per 1 UoM,EUR,valid from,,"4838,70"
5303,16130,3000-2846,angle handle 100 mm 90deg,Per 1 UoM,EUR,valid from,,"1477,56"
5303,33535,3000-2946,spring support d30 mm,Per 1 UoM,USD,valid from,,"12499,51"
5303,26920,3000-2956,cross joint d20 mm,Per 1 UoM,EUR,valid from,,"5600,99"
5303,36915,3000-2957,control cabinet complete 600x800x300 mm,Per 1 UoM,USD,valid from,,"6225,58"
5303,29460,3000-3659,pipe connection g1/2,Per 1 UoM,USD,valid from,37681,"12293,47"
5303,16910,3000-3769,fixing bolt m10x25 mm,Per 1 UoM,EUR,valid from,,"8734,97"
5303,2660,3000-3950,eccentric ring d50 e=2 mm,Per 1 UoM,EUR,valid from,,"10676,39"
5303,69456,3000-4155,threaded bushing m8/m12x20 mm,Per 1 UoM,EUR,valid from,37681,"12210,95"
5303,25335,3000-5397,tension plate 120x80 mm,Per 1 UoM,USD,generally valid,,"1298,33"
5303,44265,3000-6103,capacitor 10uf 400v,Per 1 UoM,USD,generally valid,,"13113,20"
5303,7325,3000-6949,switch block 2-pole,Per 1 UoM,EUR,generally valid,,"9450,06"
5303,17295,3000-8327,bearing plate 120x100 mm,Per 1 UoM,USD,generally valid,,"13524,07"
5303,22890,3000-9066,float switch 24v g1/2,Per 1 UoM,EUR,valid from,37681,"3566,79"
5303,66841,3000-9355,tool hsk63,Per 1 UoM,USD,generally valid,,"13235,75"
5303,38310,3001-0988,swivel segment 90 deg,Per 1 UoM,EUR,generally valid,,"4367,30"
5303,38495,3001-1108,top table 400x300 mm,Per 1 UoM,EUR,valid from,37681,"3613,79"
5303,22275,3001-1240,straightening block 80x80 mm,Per 1 UoM,USD,generally valid,,"13057,37"
5303,28420,3001-1449,draw lever 200 mm,Per 1 UoM,EUR,generally valid,,"5660,22"
5303,51375,3001-3130,guide pin d8x40 mm,Per 1 UoM,USD,generally valid,,"8098,15"
5303,52945,3001-3182,welding mandrel d20 mm,Per 1 UoM,EUR,valid from,37681,"3911,35"
5303,19560,3001-3237,return valve g3/8,Per 1 UoM,USD,generally valid,,"11663,18"
5303,24100,3001-3403,cable d4mm 10m,Per 1 UoM,USD,valid from,,"4718,76"
5303,38740,3001-4618,centring pin d10x40 mm,Per 1 UoM,EUR,generally valid,,"64,66"
5303,41965,3001-4656,socket complete d30 mm,Per 1 UoM,USD,valid from,37681,"2853,99"
5303,70351,3001-4749,pump motor 24v 50w,Per 1 UoM,EUR,valid from,37681,"10968,61"
5303,68211,3001-5842,vertical guide 500 mm,Per 1 UoM,EUR,generally valid,,"10627,67"
5303,69471,3001-5946,cutting block 80x80 mm,Per 1 UoM,USD,generally valid,,"4865,74"
5303,67881,3001-6900,closure pipe d25x2x100 mm,Per 1 UoM,USD,valid from,37681,"9458,61"
5303,67896,3001-6906,saw d200 mm,Per 1 UoM,USD,valid from,37681,"10627,31"
5303,68256,3001-7117,divider 1:4,Per 1 UoM,EUR,valid from,37681,"3275,01"
5303,68521,3001-7322,straightening block 120x80 mm,Per 1 UoM,EUR,valid from,37681,"5200,57"
5303,68726,3001-7364,cutting angle 15 deg,Per 1 UoM,EUR,generally valid,,"11027,49"
5303,68856,3001-7390,pliers spindle tr14x3x150 mm,Per 1 UoM,EUR,valid from,,"4445,34"
5303,68921,3001-7402,roller pin d10x40 mm,Per 1 UoM,EUR,valid from,37681,"13258,75"
5303,68956,3001-7409,elbow 90 deg g1/2,Per 1 UoM,USD,valid from,,"11441,93"
5303,70616,3001-7791,control motors 24v 100w,Per 1 UoM,USD,generally valid,,"8291,49"
5303,10370,5000-1009,spindle housing 150x100 mm,Per 1 UoM,EUR,valid from,,"6435,23"
5303,64855,5000-2083,cam disk d120 mm,Per 1 UoM,EUR,valid from,,"12115,96"
9503,13215,1000-8167,spindle bushing d25/d16x30 mm,Per 1 UoM,EUR,generally valid,,"13042,34"
9503,34410,1001-0306,rod end m10,Per 1 UoM,EUR,valid from,,"8496,65"
9503,53940,1001-0319,slotted nut m20x1.5 din981,Per 1 UoM,EUR,valid from,,"6188,69"
9503,7130,1001-1793,spacer ring d30x5 mm,Per 1 UoM,USD,generally valid,,"12250,88"
9503,51360,1001-1921,clamping complete 100 mm,Per 1 UoM,EUR,valid from,,"5,28"
9503,2950,1001-3713,spindle mandrel d12 mm,Per 1 UoM,USD,valid from,37681,"6979,30"
9503,12935,1001-6316,measuring bracket 80x80 mm,Per 1 UoM,EUR,valid from,37681,"1361,83"
9503,44045,1001-6431,press roller d60x40 mm,Per 1 UoM,USD,generally valid,,"5341,80"
9503,63845,1001-7344,swivel cylinder d40x90 deg,Per 1 UoM,EUR,valid from,,"9145,75"
9503,63430,1001-8487,distributor ring d60 mm,Per 1 UoM,EUR,valid from,37681,"2653,98"
9503,64730,1002-4916,clamping fork 30 mm,Per 1 UoM,EUR,generally valid,,"3865,43"
9503,39150,1002-4986,clamping spindle tr18x4x200 mm,Per 1 UoM,EUR,valid from,37681,"11336,22"
9503,3085,1002-5486,sector disc d150 45deg,Per 1 UoM,EUR,valid from,,"8601,79"
9503,4270,1002-5543,piston complete d50 mm,Per 1 UoM,EUR,valid from,37681,"1729,36"
9503,3465,1002-6725,ram block 120x80 mm,Per 1 UoM,EUR,generally valid,,"7349,54"
9503,64145,1002-9075,extension unit 200 mm,Per 1 UoM,EUR,valid from,,"1381,99"
9503,26740,3000-1179,bending block 80x80 mm,Per 1 UoM,USD,generally valid,,"11326,23"
9503,19125,3000-3504,scale 0-200 mm,Per 1 UoM,USD,valid from,,"8912,50"
9503,29980,3000-3516,tool turret 8-station,Per 1 UoM,USD,generally valid,,"1611,67"
9503,46485,3000-3801,flange plate 100x100x10 mm,Per 1 UoM,EUR,generally valid,,"12727,61"
9503,25740,3000-4257,spring knife 80 mm,Per 1 UoM,USD,valid from,,"10862,10"
9503,40175,3000-4824,pin belt 500 mm,Per 1 UoM,EUR,generally valid,,"3108,96"
9503,24915,3000-5256,draw ring d70 mm,Per 1 UoM,USD,valid from,,"6365,72"
9503,26230,3000-5767,scale disc d60 mm,Per 1 UoM,USD,valid from,,"1917,26"
9503,28290,3000-6280,air cylinder d32x100 mm,Per 1 UoM,USD,valid from,,"10528,97"
9503,16270,3000-7867,bending insert r3,Per 1 UoM,EUR,generally valid,,"1788,22"
9503,27020,3000-8463,adjustment strip 150 mm,Per 1 UoM,EUR,valid from,,"7287,99"
9503,29325,3000-8562,joint bushing complete d14/d10x15 mm,Per 1 UoM,USD,valid from,,"7903,59"
9503,43795,3000-9747,bracket complete 100x100 mm,Per 1 UoM,EUR,valid from,37681,"5186,27"
9503,50380,3001-1165,ram segment 60 deg,Per 1 UoM,USD,generally valid,,"6006,86"
9503,39280,3001-1422,gripper head d40 mm,Per 1 UoM,EUR,valid from,,"6239,24"
9503,64405,3001-1792,programmed memory 64kb,Per 1 UoM,EUR,valid from,,"12842,62"
9503,39990,3001-2480,protection ip65,Per 1 UoM,EUR,generally valid,,"4406,77"
