part no. legacy system,part no. new system
79769572,209120811-0000
69740433,300048967-0000
55673707,385921330-0000
20859484,221796928-0000
23751404,377545016-0000
16754730,330461496-0000
98761880,264153895-0000
29015640,230616286-0000
89363197,248023609-0000
25119254,325735879-0000
89430301,325557727-0000
56275299,392827450-0000
99823673,255533634-0000
11527075,359442190-0000
82375045,371398710-0000
53996088,219837224-0000
44611740,255667186-0000
39826931,283558845-0000
75119468,321504717-0000
29698563,240913901-0000
82003744,304613422-0000
15455791,315966714-0000
39228530,352678350-0000
29230765,210375586-0000
23890462,370710033-0000
40872078,288419112-0000
60376903,234304089-0000
56956220,389858839-0000
24422569,219166990-0000
22872782,396193711-0000
29808962,322024120-0000
40053282,237729299-0000
59972852,203917975-0000
43373967,386778601-0000
40871834,312399178-0000
23891938,373143674-0000
68915579,310696205-0000
70356890,272542599-0000
50249796,394804113-0000
55795414,211648278-0000
27072663,267315820-0000
69005995,209182016-0000
58425367,294988368-0000
71406138,305798758-0000
85688087,250192316-0000
53370111,352111253-0000
65146895,222235012-0000
98543504,312315093-0000
59023122,281232021-0000
87401968,370657220-0000
56308909,245508011-0000
65771997,394350855-0000
57993139,243711004-0000
16415624,201313507-0000
82693033,360056730-0000
77196553,382510951-0000
42402011,363364481-0000
77022221,333748676-0000
29291621,373664326-0000
50147241,227496834-0000
17983134,360435238-0000
39386725,292462495-0000
77075993,242587869-0000
47239234,304658415-0000
52763509,290902343-0000
70592728,281767544-0000
75148332,345195134-0000
75838809,358064221-0000
72112676,287289843-0000
39739203,202455753-0000
82159697,237877162-0000
97060896,259003340-0000
15660183,373187621-0000
25178143,231047080-0000
23631802,241347454-0000
83530363,310838839-0000
74468512,234900775-0000
45523868,311216589-0000
15501544,348240277-0000
21438530,342596576-0000
29376996,245615229-0000
17112125,252181300-0000
78915027,391561529-0000
31124830,335004774-0000
76397777,204157263-0000
67967119,330363535-0000
94982008,392903389-0000
56575191,218254824-0000
42801848,381970582-0000
79677080,251209706-0000
48924184,228723018-0000
23597420,273383701-0000
32209484,273326078-0000
32483400,233731684-0000
52169256,308906278-0000
38847019,245454934-0000
65287247,210896235-0000
20537951,230334722-0000
13007339,377958506-0000
