part no.,material no.,base unit,price unit,material grade,density
59247273,5151720000000,ST,1,steel,"7,85"
44039324,5090760000000,KG,100,steel,"7,85"
14129639,5686450000000,KG,1,steel,"7,85"
65592740,5358810000000,KG,100,polyamide,"1,14"
33820682,5877840000000,M,10,steel,"7,85"
98572712,5011270000000,ST,1000,aluminium,"2,7"
69340987,5018500000000,M,1,steel,"7,85"
63497959,5201530000000,ST,100,brass,"8,5"
69414695,5416930000000,KG,1,brass,"8,5"
77822200,5044760000000,CM2,10,polyamide,"1,14"
44629575,5009260000000,KG,1,steel,"7,85"
33945761,5335890000000,M,100,brass,"8,5"
25934484,5525480000000,ST,1000,steel,"7,85"
72449304,5761480000000,ST,1,steel,"7,85"
99128128,5042490000000,KG,1,steel,"7,85"
49810398,5749720000000,MM,1,steel,"7,85"
60983560,5106740000000,KG,1,brass,"8,5"
92876162,5627140000000,ST,1,steel,"7,85"
25156428,5197260000000,M,1,steel,"7,85"
57065824,5467500000000,ST,10,aluminium,"2,7"
38444559,5993810000000,ST,100,steel,"7,85"
20849252,5080850000000,MM,1,steel,"7,85"
67723138,5634550000000,KG,1,aluminium,"2,7"
86382439,5367990000000,KG,1,steel,"7,85"
56977515,5553330000000,CM2,100,steel,"7,85"
74087654,5304880000000,M,1,aluminium,"2,7"
12611954,5160160000000,ST,10,steel,"7,85"
73950846,5405540000000,ST,1000,steel,"7,85"
30995896,5224020000000,ST,1000,steel,"7,85"
81842730,5226840000000,KG,1,steel,"7,85"
10861375,5309440000000,ST,100,polyamide,"1,14"
45885747,5262920000000,KG,1,steel,"7,85"
81157063,5700930000000,ST,1000,steel,"7,85"
82446650,5161170000000,KG,1000,aluminium,"2,7"
32195722,5589030000000,ST,1000,steel,"7,85"
22954066,5467360000000,KG,1,steel,"7,85"
45341086,5798490000000,KG,10,steel,"7,85"
69821042,5043720000000,ST,1,steel,"7,85"
41397783,5343740000000,KG,1,steel,"7,85"
44209427,5479220000000,KG,1,steel,"7,85"
73587080,5319460000000,M,1000,steel,"7,85"
27562312,5176980000000,M,1,steel,"7,85"
76690689,5129520000000,KG,100,brass,"8,5"
22217221,5736650000000,ST,100,steel,"7,85"
30013949,5400860000000,MM,1,aluminium,"2,7"
65160707,5360290000000,ST,1,steel,"7,85"
36753807,5169370000000,KG,100,steel,"7,85"
44097794,5136130000000,KG,1000,steel,"7,85"
51800644,5072550000000,M,1,steel,"7,85"
35128022,5311920000000,ST,1,aluminium,"2,7"
23190229,5521800000000,ST,1000,steel,"7,85"
78778059,5950110000000,CM2,1,steel,"7,85"
99281728,5648460000000,ST,1,polyamide,"1,14"
73110781,5653770000000,ST,1,steel,"7,85"
67448856,5206220000000,MM,1,steel,"7,85"
17431822,5001450000000,KG,1000,aluminium,"2,7"
33805224,5584070000000,KG,1000,steel,"7,85"
32251975,5296500000000,MM,10,steel,"7,85"
59077181,5388420000000,ST,1000,steel,"7,85"
27903579,5179860000000,ST,100,aluminium,"2,7"
26869185,5175840000000,M,1,steel,"7,85"
29460845,5333080000000,ST,1,steel,"7,85"
58962869,5057070000000,ST,1000,polyamide,"1,14"
30327743,5394730000000,CM2,1000,aluminium,"2,7"
15972321,5539910000000,ST,1,steel,"7,85"
35451551,5685880000000,M2,1,steel,"7,85"
47013123,5287800000000,ST,1000,steel,"7,85"
81095363,5571480000000,ST,100,brass,"8,5"
44698763,5418910000000,M,1000,brass,"8,5"
85933352,5029620000000,KG,1,polyamide,"1,14"
35433400,5036710000000,KG,1,steel,"7,85"
45531180,5055580000000,ST,100,steel,"7,85"
14993025,5898220000000,M2,1,steel,"7,85"
44671256,5962430000000,ST,1,aluminium,"2,7"
70439646,5403360000000,M2,100,steel,"7,85"
19157985,5156120000000,CM2,1,steel,"7,85"
40952572,5148490000000,ST,1,steel,"7,85"
36978779,5168600000000,M,1,steel,"7,85"
51434729,5014420000000,ST,1000,aluminium,"2,7"
32927309,5896450000000,ST,1,aluminium,"2,7"
28250217,5202640000000,ST,1,steel,"7,85"
33831696,5031210000000,M2,10,brass,"8,5"
75192643,5816030000000,ST,1,aluminium,"2,7"
69452914,5249560000000,M,1,aluminium,"2,7"
50517358,5812020000000,ST,1,steel,"7,85"
70494617,5685950000000,ST,1000,steel,"7,85"
55832972,5185610000000,ST,1,aluminium,"2,7"
29334923,5604990000000,ST,1000,polyamide,"1,14"
55046674,5448710000000,KG,1000,steel,"7,85"
70014840,5790490000000,CM2,1000,steel,"7,85"
13977491,5615610000000,ST,1,steel,"7,85"
76277973,5764040000000,KG,1,aluminium,"2,7"
23729639,5186910000000,ST,1,aluminium,"2,7"
22329713,5606310000000,M,1000,steel,"7,85"
94511610,5552290000000,KG,1,steel,"7,85"
20539170,5511180000000,ST,100,steel,"7,85"
93469344,5143730000000,ST,1000,steel,"7,85"
30677094,5668610000000,ST,1,brass,"8,5"
46569283,5338870000000,ST,1000,steel,"7,85"
37293774,5810290000000,CM2,1,steel,"7,85"
10000000,5248380000000,ST,1,aluminium,"2,7"
10000001,5083780000000,KG,1,aluminium,"2,7"
10000002,5918340000000,ST,100,steel,"7,85"
10000003,5333990000000,M,100,steel,"7,85"
10000004,5008490000000,M,1000,steel,"7,85"
10000005,5054200000000,KG,1,steel,"7,85"
10000006,5001080000000,ST,1000,steel,"7,85"
10000007,5557660000000,ST,1,steel,"7,85"
10000008,5117440000000,M,1,steel,"7,85"
10000009,5344740000000,KG,1000,steel,"7,85"
10000010,5143270000000,ST,1,steel,"7,85"
10000011,5287960000000,MM,1000,steel,"7,85"
10000012,5711450000000,M,1000,polyamide,"1,14"
10000013,5941380000000,ST,1,steel,"7,85"
10000014,5867260000000,ST,1000,steel,"7,85"
10000015,5209810000000,CM2,1000,steel,"7,85"
10000016,5998660000000,KG,1,steel,"7,85"
10000017,5206780000000,MM,1,steel,"7,85"
10000018,5120370000000,MM,1,steel,"7,85"
10000019,5302180000000,ST,10,aluminium,"2,7"
10000020,5276920000000,KG,1,steel,"7,85"
10000021,5255640000000,KG,1,steel,"7,85"
10000022,5077660000000,KG,10,polyamide,"1,14"
10000023,5568750000000,KG,100,polyamide,"1,14"
10000024,5005750000000,ST,1,aluminium,"2,7"
10000025,5626520000000,MM,1,steel,"7,85"
10000026,5976250000000,M,1000,brass,"8,5"
10000027,5058820000000,KG,1,steel,"7,85"
10000028,5888180000000,ST,1000,steel,"7,85"
10000029,5815860000000,CM2,1,polyamide,"1,14"
10000030,5105750000000,M2,10,steel,"7,85"
10000031,5466170000000,MM,1,polyamide,"1,14"
10000032,5564600000000,KG,100,steel,"7,85"
10000033,5831170000000,ST,100,steel,"7,85"
10000034,5043170000000,ST,1000,aluminium,"2,7"
10000035,5742800000000,KG,1,steel,"7,85"
10000036,5664150000000,CM2,1,brass,"8,5"
10000037,5113390000000,ST,1,steel,"7,85"
10000038,5375690000000,KG,1,steel,"7,85"
10000039,5866990000000,ST,1,aluminium,"2,7"
