CustomerTransaction,CustomerTransactionType,CustomerName,OrderType,Order Currency,PurchaseOrderDate,ConfirmedDeliveryDate,Plant,Planner1
214000,Order,Döring Tschentscher KG,SPT,EUR,20.09.24,14.12.24,100,S01
214001,Order,Süßebier,SPT,EUR,19.09.24,12.12.24,100,S01
214002,Order,Pechel,SPT,EUR,04.12.24,26.02.25,100,S12
214003,Order,Graf,SPT,EUR,24.09.24,17.12.24,100,S01
214004,Order,Karge KGaA,SPT,EUR,18.12.24,27.03.25,100,S24
214005,Order,Thies e.G.,SPT,EUR,20.11.24,19.02.25,100,S12
214006,Order,Flantz,SPT,EUR,30.11.24,08.03.25,100,S24
214007,Order,Koch II,SPT,EUR,20.09.24,22.12.24,100,S24
214008,Order,Pärtzelt GbR,SPT,EUR,03.09.24,17.12.24,100,S01
214009,Order,Albers,SPT,EUR,29.10.24,14.11.24,100,S12
214010,Order,Trüb AG,SPT,EUR,08.11.24,27.02.25,100,S01
214011,Order,Fliegner AG,SPT,EUR,22.09.24,19.12.24,100,S12
214012,Order,Junk,SPT,EUR,11.09.24,01.01.25,100,S12
214013,Order,Jähn Becker AG,SPT,EUR,29.12.24,23.03.25,100,S12
214014,Order,Dussen van Naser Stiftung & Co. KGaA,SPT,EUR,17.12.24,11.03.25,100,S24
214015,Order,Hübel KG,SPT,EUR,29.06.24,18.10.24,100,S24
214016,Order,Hentschel AG,SPT,EUR,30.07.24,14.11.24,100,S01
214017,Order,Krebs,SPT,EUR,03.07.24,27.07.24,100,S24
214018,Order,Martin Bohlander Stiftung & Co. KG,SPT,EUR,20.12.24,11.03.25,100,S01
214019,Order,Speer GmbH & Co. KGaA,SPT,EUR,03.08.24,26.10.24,100,S12
214020,Order,Noack Trupp GmbH,SPT,EUR,27.09.24,24.12.24,100,S01
214021,Order,Gehringer Heinz GmbH & Co. KG,SPT,EUR,07.11.24,02.01.25,100,S12
214022,Order,Gerlach GmbH & Co. KGaA,SPT,EUR,19.09.24,26.12.24,100,S01
214023,Order,Walter AG & Co. KGaA,SPT,EUR,31.07.24,03.11.24,100,S01
214024,Order,Mitschke AG & Co. KG,SPT,EUR,14.08.24,06.12.24,100,S01
214025,Order,Klemm,SPT,EUR,10.09.24,21.12.24,100,S24
214026,Order,Becker,SPT,EUR,26.07.24,25.10.24,100,S01
214027,Order,Junk,SPT,EUR,04.09.24,18.12.24,100,S24
214028,Order,Jockel GmbH & Co. KG,SPT,EUR,04.10.24,15.11.24,100,S12
214029,Order,Krebs,SPT,EUR,07.08.24,30.10.24,100,S24
214030,Order,Niemeier,SPT,EUR,09.12.24,17.01.25,100,S01
214031,Order,Sölzer Hartung Stiftung & Co. KGaA,SPT,EUR,04.11.24,05.02.25,100,S12
214032,Order,Losekann Rose AG,SPT,EUR,11.11.24,03.03.25,100,S01
214033,Order,Mülichen Langern GbR,SPT,EUR,17.07.24,09.10.24,100,S12
214034,Order,Vogt Weimer GbR,SPT,EUR,27.10.24,22.01.25,100,S01
214035,Order,Lübs GmbH,SPT,EUR,25.10.24,31.01.25,100,S01
214036,Order,Röhricht Bloch AG,SPT,EUR,07.07.24,30.09.24,100,S24
214037,Order,Höfig AG,SPT,EUR,24.10.24,30.01.25,100,S24
214038,Order,Thies AG,SPT,EUR,14.08.24,11.12.24,100,S01
214039,Order,Pohl Oestrovsky GmbH,SPT,EUR,05.10.24,11.01.25,100,S01
214040,Order,Wirth,SPT,EUR,07.10.24,22.01.25,100,S01
214041,Order,Eckbauer Knappe AG,SPT,EUR,31.08.24,19.10.24,100,S12
214042,Order,Stolze GmbH,SPT,EUR,28.07.24,22.09.24,100,S01
214043,Order,Häring,SPT,EUR,09.12.24,03.03.25,100,S24
214044,Order,Pruschke Baum AG & Co. OHG,SPT,EUR,27.08.24,08.12.24,100,S12
214045,Order,Jungfer,SPT,EUR,27.10.24,19.01.25,100,S01
214046,Order,Pohl,SPT,EUR,18.08.24,12.11.24,100,S24
214047,Order,Noack,SPT,EUR,24.12.24,15.03.25,100,S24
214048,Order,Zirme,SPT,EUR,31.10.24,09.02.25,100,S01
214049,Order,Albers GmbH & Co. KG,SPT,EUR,27.07.24,20.10.24,100,S12
214050,Order,Heinz,SPT,EUR,20.09.24,28.12.24,100,S24
214051,Order,Speer,SPT,EUR,06.12.24,24.03.25,100,S01
214052,Order,Löwer Sauer KG,SPT,EUR,17.12.24,30.03.25,100,S24
214053,Order,Weinhage AG,SPT,EUR,05.10.24,28.12.24,100,S12
214054,Order,Hamann AG & Co. KGaA,SPT,EUR,14.10.24,27.01.25,100,S12
214055,Order,Pärtzelt,SPT,EUR,21.11.24,15.02.25,100,S12
214056,Order,Huhn KG,SPT,EUR,19.09.24,29.12.24,100,S12
214057,Order,auch Schlauchin van der Dussen e.G.,SPT,EUR,28.07.24,20.10.24,100,S01
214058,Order,Hendriks Hertrampf GmbH,SPT,EUR,17.11.24,23.02.25,100,S24
214059,Order,Hiller,SPT,EUR,04.09.24,29.12.24,100,S24
214060,Order,Kallert GmbH & Co. OHG,SPT,EUR,15.07.24,08.11.24,100,S24
214061,Order,Hermighausen KG,SPT,EUR,18.12.24,12.03.25,100,S01
214062,Order,Schomber AG,SPT,EUR,18.07.24,24.10.24,100,S24
214063,Order,Karge AG & Co. OHG,SPT,EUR,30.12.24,09.04.25,100,S01
214064,Order,Jopich GmbH & Co. KG,SPT,EUR,06.09.24,27.12.24,100,S12
214065,Order,Etzler GmbH & Co. OHG,SPT,EUR,18.09.24,02.10.24,100,S24
214066,Order,Heidrich AG,SPT,EUR,08.12.24,06.04.25,100,S01
214067,Order,Reising,SPT,EUR,18.12.24,12.03.25,100,S01
214068,Order,Mende Söding OHG mbH,SPT,EUR,22.10.24,27.01.25,100,S24
214069,Order,Dobes,SPT,EUR,10.07.24,02.10.24,100,S24
214070,Order,Hauffer Ullmann GbR,SPT,EUR,28.07.24,20.10.24,100,S24
214071,Order,Schmiedt,SPT,EUR,07.10.24,30.12.24,100,S01
214072,Order,Hellwig,SPT,EUR,19.08.24,02.12.24,100,S01
214073,Order,Lange,SPT,EUR,27.12.24,10.01.25,100,S01
214074,Order,Roskoth KG,SPT,EUR,09.08.24,04.10.24,100,S12
214075,Order,Koch,SPT,EUR,28.09.24,04.01.25,100,S12
214076,Order,Pergande Becker e.V.,SPT,EUR,19.08.24,09.12.24,100,S01
214077,Order,Scholz,SPT,EUR,08.08.24,22.11.24,100,S01
214078,Order,Zirme Mans AG & Co. OHG,SPT,EUR,14.12.24,08.03.25,100,S01
214079,Order,Sölzer,SPT,EUR,03.11.24,09.02.25,100,S12
214080,Order,Heinrich e.G.,SPT,EUR,06.10.24,13.01.25,100,S12
214081,Order,Seidel Ladeck GmbH & Co. KG,SPT,EUR,27.12.24,04.04.25,100,S24
214082,Order,Scheuermann GmbH,SPT,EUR,29.08.24,19.12.24,100,S24
214083,Order,Christoph,SPT,EUR,13.11.24,19.02.25,100,S01
214084,Order,Köster GmbH,SPT,EUR,30.09.24,10.01.25,100,S01
214085,Order,Sorgatz GmbH & Co. OHG,SPT,EUR,08.12.24,15.03.25,100,S24
214086,Order,Dippel GmbH,SPT,EUR,26.10.24,10.02.25,100,S01
214087,Order,Stiebitz Dietz Stiftung & Co. KGaA,SPT,EUR,16.12.24,24.03.25,100,S01
214088,Order,Kusch KGaA,SPT,EUR,18.11.24,10.02.25,100,S24
214089,Order,Pruschke Rose Stiftung & Co. KG,SPT,EUR,30.10.24,19.02.25,100,S24
214090,Order,Tlustek GmbH & Co. KGaA,SPT,EUR,16.11.24,08.03.25,100,S01
214091,Order,Lindau,SPT,EUR,18.11.24,10.02.25,100,S24
214092,Order,Ehlert,SPT,EUR,19.11.24,05.03.25,100,S01
214093,Order,Gnatz Koch GbR,SPT,EUR,07.11.24,06.02.25,100,S12
214094,Order,Wähner GmbH,SPT,EUR,02.11.24,21.12.24,100,S24
214095,Order,Wagner KGaA,SPT,EUR,21.12.24,29.03.25,100,S24
214096,Order,Wernecke,SPT,EUR,02.08.24,25.10.24,100,S24
214097,Order,Hellwig Grein Groth Stiftung & Co. KGaA,SPT,EUR,02.07.24,24.09.24,100,S01
214098,Order,Harloff,SPT,EUR,14.10.24,23.12.24,100,S24
214099,Order,Henck,SPT,EUR,25.11.24,28.02.25,100,S01
