part no. legacy system;part no. new system
3001-6944;305135031-0000
3001-6948;255027125-0000
3001-6956;254990819-0000
3001-6957;255035390-0000
3001-6959;255012101-0000
1002-5529;305135040-0000
3001-7502;305135058-0000
3001-7542;254990827-0000
3001-7537;255038550-0000
1001-6368;254990835-0000
1002-5487;254990843-0000
1004-4518;255012110-0000
1004-6793;255012128-0000
1004-6933;254978827-0000
3000-9069;254978835-0000
1004-7189;305135066-0000
3001-1630;305135074-0000
3000-6635;255042558-0000
3001-7867;255012136-0000
3001-4804;305135082-0000
3000-6497;254843352-0000
1002-9512;255064497-0000
3000-9993;254978843-0000
3001-0634;255012144-0000
1000-0999;255012152-0000
1000-3007;254990851-0000
1001-0903;254990860-0000
1000-8246;254974813-0000
1001-4957;254970133-0000
3001-0535;255006020-0000
3001-1895;255057822-0000
1001-2915;254978851-0000
3001-4805;255064500-0000
1004-8489;255006039-0000
1004-8246;255090706-0000
1004-7789;255038569-0000
1003-8696;254938167-0000
1003-7556;255064519-0000
3000-5163;255006047-0000
3000-4282;254990142-0000
1004-8435;255059493-0000
1001-1282;255012160-0000
1004-7122;255064527-0000
3001-2421;255041454-0000
1004-8288;254990150-0000
1001-1297;254974821-0000
1004-8839;254892558-0000
1001-6628;254938469-0000
1004-8348;255051824-0000
1004-7727;255038577-0000
1000-8647;254970141-0000
1004-8830;305135090-0000
1000-1053;255001452-0000
1004-8419;255038585-0000
3001-0045;255038593-0000
3001-0047;255011237-0000
3000-9607;255064535-0000
1004-7663;254874690-0000
1004-7137;255042566-0000
3000-2807;255045069-0000
3000-2647;255064543-0000
3000-2917;255090714-0000
3000-2123;254990878-0000
3000-2304;255036779-0000
3000-2313;255045077-0000
3000-2062;254968058-0000
3000-2552;255064551-0000
1004-8561;255024037-0000
1004-7177;255045085-0000
1004-8527;305135104-0000
