customer no. legacy,address no.,customer no. new
1150011,1,297800
1263007,1,629298
1276011,1,549758
1314037,1,105379
1314051,1,532143
1315011,2,100384
1315011,3,248191369
1315011,4,869149
1315017,1,260562
1315022,1,484563589
1315022,2,824130
1349001,1,352745
1349001,2,112126
1356007,1,867503
1385009,1,576065
1412001,1,692264
1415008,1,223794
1436002,1,793196
1439001,1,945815
1453001,1,432600910
1453010,1,750917
1453010,2,743278219
1469001,1,508708
1504032,1,871041
1504032,2,929511
1514001,1,194013
1514003,1,485092
1522001,2,988420
1629012,2,407621
1629012,4,957183777
1652001,1,448462
1652001,2,980116785
1667006,1,337570
1667006,2,734166368
1719004,1,140638
1719004,2,140454838
1720005,1,169198
1723006,1,751356
1784001,1,597592449
1784001,2,702348665
1784002,1,556946788
1784002,2,370865190
1784004,1,685427924
1784004,2,844136913
1787013,1,822413
1787014,1,815049
1787020,1,89744
1787020,2,233771
1788003,1,485199779
1789002,1,363142
1816005,1,86280
1853006,1,378407
1878007,1,380907
1878007,2,863510780
1879002,1,822815
1919008,1,214152
1923002,1,128797
1923002,2,126901116
